question_id,source_dataset,condition,category,provider,model,model_version,prompt,raw_response,raw_answer,normalized_answer,parse_success,parse_failure_reason,evaluable,correct,match_method,eval_note,selected_option_index,selected_option_text,selected_option_indices,implied_option_index,gold_label,gold_option_index,gold_option_text,gold_option_indices,api_failure,api_error,finish_reason,truncated,input_tokens,output_tokens,thinking_tokens,thinking_tokens_source,latency_s,cost_usd,timestamp,from_cache
medmcqa::03c11d83-2266-4c72-89f9-fa2615c10ae2,medmcqa,mcq,baseline,unsloth,unsloth/Qwen3-4B-unsloth-bnb-4bit,bnb-4bit,"Question: Auriculotemporal nerve encircles which artery

(A) Superficial temporal artery
(B) Superficial temporal vein
(C) Middle meningeal artery
(D) Deep temporal

Answer with only the letter of the correct option (A, B, C, or D). Output only that single token and nothing else - no explanation, no punctuation, no reasoning.","{""answer"": ""A""}","""A""","""A""",True,,True,False,label,,0.0,Superficial temporal artery,,,"""C""",2.0,Middle meningeal artery,null,False,,STOP,False,144,2,0,reported,0.9200890000211075,0.0,2026-10-01T09:08:06.848455+00:00,False
medmcqa::03c11d83-2266-4c72-89f9-fa2615c10ae2,medmcqa,roman_numeral,presentation / answer-label transformation,unsloth,unsloth/Qwen3-4B-unsloth-bnb-4bit,bnb-4bit,"Question: Auriculotemporal nerve encircles which artery

(I) Superficial temporal artery
(II) Superficial temporal vein
(III) Middle meningeal artery
(IV) Deep temporal

Answer with only the roman numeral of the correct option (I, II, III, or IV). Output only that single token and nothing else - no explanation, no punctuation, no reasoning.","{""answer"": ""III""}","""III""","""III""",True,,True,True,label,,2.0,Middle meningeal artery,,,"""III""",2.0,Middle meningeal artery,null,False,,STOP,False,148,2,0,reported,0.20454350000363775,0.0,2026-10-01T09:08:07.256676+00:00,False
medmcqa::03c11d83-2266-4c72-89f9-fa2615c10ae2,medmcqa,none_of_the_provided,answer-set / decision-boundary transformation,unsloth,unsloth/Qwen3-4B-unsloth-bnb-4bit,bnb-4bit,"Question: Auriculotemporal nerve encircles which artery

(A) Superficial temporal artery
(B) Superficial temporal vein
(C) None of the provided options
(D) Deep temporal

Answer with only the letter of the correct option (A, B, C, or D). Output only that single token and nothing else - no explanation, no punctuation, no reasoning.","{""answer"": ""A""}","""A""","""A""",True,,True,False,label,,0.0,Superficial temporal artery,,,"""C""",2.0,None of the provided options,null,False,,STOP,False,144,2,0,reported,0.20502220001071692,0.0,2026-10-01T09:08:07.665673+00:00,False
medmcqa::03c11d83-2266-4c72-89f9-fa2615c10ae2,medmcqa,fixed_pos,answer-position diagnostic,unsloth,unsloth/Qwen3-4B-unsloth-bnb-4bit,bnb-4bit,"Question: Auriculotemporal nerve encircles which artery

(A) Superficial temporal artery
(B) Superficial temporal vein
(C) Deep temporal
(D) Middle meningeal artery

Answer with only the letter of the correct option (A, B, C, or D). Output only that single token and nothing else - no explanation, no punctuation, no reasoning.","{""answer"": ""A""}","""A""","""A""",True,,True,False,label,,0.0,Superficial temporal artery,,,"""D""",3.0,Middle meningeal artery,null,False,,STOP,False,144,2,0,reported,0.21642649997374974,0.0,2026-10-01T09:08:08.085219+00:00,False
medmcqa::03c11d83-2266-4c72-89f9-fa2615c10ae2,medmcqa,incorrect,task/instruction inversion,unsloth,unsloth/Qwen3-4B-unsloth-bnb-4bit,bnb-4bit,"Question: Auriculotemporal nerve encircles which artery

(A) Superficial temporal artery
(B) Superficial temporal vein
(C) Middle meningeal artery
(D) Deep temporal

Exactly 3 of these options are INCORRECT. Answer with only the letters of all the incorrect options. Output only those letters and nothing else - no explanation, no reasoning.","{""answer"": ""A,B,C""}","""A,B,C""","[""A"", ""B"", ""C""]",True,,True,False,label_set,,,Deep temporal,"[0, 1, 2]",3.0,"[""A"", ""B"", ""D""]",,,"[0, 1, 3]",False,,STOP,False,143,9,0,reported,0.6864409999980126,0.0,2026-10-01T09:08:08.975561+00:00,False
medmcqa::03c11d83-2266-4c72-89f9-fa2615c10ae2,medmcqa,open,response-space / MCQ-to-generation transformation,unsloth,unsloth/Qwen3-4B-unsloth-bnb-4bit,bnb-4bit,"Question: Which artery is encircled by the auriculotemporal nerve?

Answer with only the concise final answer (a short phrase). Output only that answer and nothing else - no explanation, no reasoning.","{""answer"": ""maxillary artery""}","""maxillary artery""","""maxillary artery""",True,,False,,no_match,free-text answer matches no reference option; needs semantic judgment,,,,,null,2.0,Middle meningeal artery,null,False,,STOP,False,108,9,0,reported,0.692908199998783,0.0,2026-10-01T09:08:09.871151+00:00,False
medmcqa::03c11d83-2266-4c72-89f9-fa2615c10ae2,medmcqa,no_symbols,output-interface / answer-format transformation,unsloth,unsloth/Qwen3-4B-unsloth-bnb-4bit,bnb-4bit,"Question: Auriculotemporal nerve encircles which artery

- Superficial temporal artery
- Superficial temporal vein
- Middle meningeal artery
- Deep temporal

Answer with only the exact text of the correct option, copied verbatim, without any letter or symbol. Output only that text and nothing else - no explanation, no reasoning.","{""answer"": ""Superficial temporal artery""}","""Superficial temporal artery""","""Superficial temporal artery""",True,,True,False,exact,,0.0,Superficial temporal artery,,,null,2.0,Middle meningeal artery,null,False,,STOP,False,138,6,0,reported,0.4781702000182122,0.0,2026-10-01T09:08:10.552463+00:00,False
