stage_order,question_id,source_dataset,source_id,pilot_cohort_seed,phase2a_selection_seed,selection_method
1,medqa::0014,medqa,0014,42,42,"stratified largest-remainder {'medmcqa': 16, 'medqa': 20, 'mmlu': 14}, random.Random(42).sample over sorted pilot ids per source"
2,medmcqa::0fc0b4ce-9bfd-48a2-920d-88c67e2c4e9c,medmcqa,0fc0b4ce-9bfd-48a2-920d-88c67e2c4e9c,42,42,"stratified largest-remainder {'medmcqa': 16, 'medqa': 20, 'mmlu': 14}, random.Random(42).sample over sorted pilot ids per source"
3,mmlu::anatomy-023,mmlu,anatomy-023,42,42,"stratified largest-remainder {'medmcqa': 16, 'medqa': 20, 'mmlu': 14}, random.Random(42).sample over sorted pilot ids per source"
4,medqa::0063,medqa,0063,42,42,"stratified largest-remainder {'medmcqa': 16, 'medqa': 20, 'mmlu': 14}, random.Random(42).sample over sorted pilot ids per source"
5,medmcqa::1f8a97a5-64cf-4635-a50a-e84ac5a0d7f1,medmcqa,1f8a97a5-64cf-4635-a50a-e84ac5a0d7f1,42,42,"stratified largest-remainder {'medmcqa': 16, 'medqa': 20, 'mmlu': 14}, random.Random(42).sample over sorted pilot ids per source"
6,mmlu::anatomy-087,mmlu,anatomy-087,42,42,"stratified largest-remainder {'medmcqa': 16, 'medqa': 20, 'mmlu': 14}, random.Random(42).sample over sorted pilot ids per source"
7,medqa::0067,medqa,0067,42,42,"stratified largest-remainder {'medmcqa': 16, 'medqa': 20, 'mmlu': 14}, random.Random(42).sample over sorted pilot ids per source"
8,medmcqa::20929b62-1d50-4e64-9370-8d4966ccb2ae,medmcqa,20929b62-1d50-4e64-9370-8d4966ccb2ae,42,42,"stratified largest-remainder {'medmcqa': 16, 'medqa': 20, 'mmlu': 14}, random.Random(42).sample over sorted pilot ids per source"
9,mmlu::anatomy-094,mmlu,anatomy-094,42,42,"stratified largest-remainder {'medmcqa': 16, 'medqa': 20, 'mmlu': 14}, random.Random(42).sample over sorted pilot ids per source"
10,medqa::0150,medqa,0150,42,42,"stratified largest-remainder {'medmcqa': 16, 'medqa': 20, 'mmlu': 14}, random.Random(42).sample over sorted pilot ids per source"
11,medmcqa::26f30f24-dcd8-453d-8553-9ee82ad496e1,medmcqa,26f30f24-dcd8-453d-8553-9ee82ad496e1,42,42,"stratified largest-remainder {'medmcqa': 16, 'medqa': 20, 'mmlu': 14}, random.Random(42).sample over sorted pilot ids per source"
12,mmlu::clinical_knowledge-062,mmlu,clinical_knowledge-062,42,42,"stratified largest-remainder {'medmcqa': 16, 'medqa': 20, 'mmlu': 14}, random.Random(42).sample over sorted pilot ids per source"
13,medqa::0167,medqa,0167,42,42,"stratified largest-remainder {'medmcqa': 16, 'medqa': 20, 'mmlu': 14}, random.Random(42).sample over sorted pilot ids per source"
14,medmcqa::2719953f-15c7-4003-83ed-0baf2654d35a,medmcqa,2719953f-15c7-4003-83ed-0baf2654d35a,42,42,"stratified largest-remainder {'medmcqa': 16, 'medqa': 20, 'mmlu': 14}, random.Random(42).sample over sorted pilot ids per source"
15,mmlu::clinical_knowledge-174,mmlu,clinical_knowledge-174,42,42,"stratified largest-remainder {'medmcqa': 16, 'medqa': 20, 'mmlu': 14}, random.Random(42).sample over sorted pilot ids per source"
16,medqa::0214,medqa,0214,42,42,"stratified largest-remainder {'medmcqa': 16, 'medqa': 20, 'mmlu': 14}, random.Random(42).sample over sorted pilot ids per source"
17,medmcqa::3c6acd9a-5776-40dc-a952-678746215562,medmcqa,3c6acd9a-5776-40dc-a952-678746215562,42,42,"stratified largest-remainder {'medmcqa': 16, 'medqa': 20, 'mmlu': 14}, random.Random(42).sample over sorted pilot ids per source"
18,mmlu::clinical_knowledge-261,mmlu,clinical_knowledge-261,42,42,"stratified largest-remainder {'medmcqa': 16, 'medqa': 20, 'mmlu': 14}, random.Random(42).sample over sorted pilot ids per source"
19,medqa::0290,medqa,0290,42,42,"stratified largest-remainder {'medmcqa': 16, 'medqa': 20, 'mmlu': 14}, random.Random(42).sample over sorted pilot ids per source"
20,medmcqa::4282ea27-91a4-4cd7-9781-2958d3986552,medmcqa,4282ea27-91a4-4cd7-9781-2958d3986552,42,42,"stratified largest-remainder {'medmcqa': 16, 'medqa': 20, 'mmlu': 14}, random.Random(42).sample over sorted pilot ids per source"
21,mmlu::college_biology-015,mmlu,college_biology-015,42,42,"stratified largest-remainder {'medmcqa': 16, 'medqa': 20, 'mmlu': 14}, random.Random(42).sample over sorted pilot ids per source"
22,medqa::0324,medqa,0324,42,42,"stratified largest-remainder {'medmcqa': 16, 'medqa': 20, 'mmlu': 14}, random.Random(42).sample over sorted pilot ids per source"
23,medmcqa::46669fd0-e19c-4e9c-bdc4-836d0d9771f4,medmcqa,46669fd0-e19c-4e9c-bdc4-836d0d9771f4,42,42,"stratified largest-remainder {'medmcqa': 16, 'medqa': 20, 'mmlu': 14}, random.Random(42).sample over sorted pilot ids per source"
24,mmlu::college_biology-071,mmlu,college_biology-071,42,42,"stratified largest-remainder {'medmcqa': 16, 'medqa': 20, 'mmlu': 14}, random.Random(42).sample over sorted pilot ids per source"
25,medqa::0357,medqa,0357,42,42,"stratified largest-remainder {'medmcqa': 16, 'medqa': 20, 'mmlu': 14}, random.Random(42).sample over sorted pilot ids per source"
26,medmcqa::711d84b6-7ff9-4ed2-a961-b7c604e3a9c6,medmcqa,711d84b6-7ff9-4ed2-a961-b7c604e3a9c6,42,42,"stratified largest-remainder {'medmcqa': 16, 'medqa': 20, 'mmlu': 14}, random.Random(42).sample over sorted pilot ids per source"
27,mmlu::college_medicine-091,mmlu,college_medicine-091,42,42,"stratified largest-remainder {'medmcqa': 16, 'medqa': 20, 'mmlu': 14}, random.Random(42).sample over sorted pilot ids per source"
28,medqa::0415,medqa,0415,42,42,"stratified largest-remainder {'medmcqa': 16, 'medqa': 20, 'mmlu': 14}, random.Random(42).sample over sorted pilot ids per source"
29,medmcqa::8d6cd2e6-9912-4bb5-b276-289f11e6371f,medmcqa,8d6cd2e6-9912-4bb5-b276-289f11e6371f,42,42,"stratified largest-remainder {'medmcqa': 16, 'medqa': 20, 'mmlu': 14}, random.Random(42).sample over sorted pilot ids per source"
30,mmlu::college_medicine-154,mmlu,college_medicine-154,42,42,"stratified largest-remainder {'medmcqa': 16, 'medqa': 20, 'mmlu': 14}, random.Random(42).sample over sorted pilot ids per source"
31,medqa::0438,medqa,0438,42,42,"stratified largest-remainder {'medmcqa': 16, 'medqa': 20, 'mmlu': 14}, random.Random(42).sample over sorted pilot ids per source"
32,medmcqa::92bc808f-994e-4669-80e5-77305a9f9178,medmcqa,92bc808f-994e-4669-80e5-77305a9f9178,42,42,"stratified largest-remainder {'medmcqa': 16, 'medqa': 20, 'mmlu': 14}, random.Random(42).sample over sorted pilot ids per source"
33,mmlu::medical_genetics-063,mmlu,medical_genetics-063,42,42,"stratified largest-remainder {'medmcqa': 16, 'medqa': 20, 'mmlu': 14}, random.Random(42).sample over sorted pilot ids per source"
34,medqa::0449,medqa,0449,42,42,"stratified largest-remainder {'medmcqa': 16, 'medqa': 20, 'mmlu': 14}, random.Random(42).sample over sorted pilot ids per source"
35,medmcqa::98893c1c-a979-476e-8b82-ef3bd2a02da7,medmcqa,98893c1c-a979-476e-8b82-ef3bd2a02da7,42,42,"stratified largest-remainder {'medmcqa': 16, 'medqa': 20, 'mmlu': 14}, random.Random(42).sample over sorted pilot ids per source"
36,mmlu::professional_medicine-148,mmlu,professional_medicine-148,42,42,"stratified largest-remainder {'medmcqa': 16, 'medqa': 20, 'mmlu': 14}, random.Random(42).sample over sorted pilot ids per source"
37,medqa::0478,medqa,0478,42,42,"stratified largest-remainder {'medmcqa': 16, 'medqa': 20, 'mmlu': 14}, random.Random(42).sample over sorted pilot ids per source"
38,medmcqa::aa8da3cd-fdc2-42ef-96f5-9de78597f924,medmcqa,aa8da3cd-fdc2-42ef-96f5-9de78597f924,42,42,"stratified largest-remainder {'medmcqa': 16, 'medqa': 20, 'mmlu': 14}, random.Random(42).sample over sorted pilot ids per source"
39,mmlu::professional_medicine-153,mmlu,professional_medicine-153,42,42,"stratified largest-remainder {'medmcqa': 16, 'medqa': 20, 'mmlu': 14}, random.Random(42).sample over sorted pilot ids per source"
40,medqa::0752,medqa,0752,42,42,"stratified largest-remainder {'medmcqa': 16, 'medqa': 20, 'mmlu': 14}, random.Random(42).sample over sorted pilot ids per source"
41,medmcqa::be9a2669-d3a5-41a7-9b1b-608757751254,medmcqa,be9a2669-d3a5-41a7-9b1b-608757751254,42,42,"stratified largest-remainder {'medmcqa': 16, 'medqa': 20, 'mmlu': 14}, random.Random(42).sample over sorted pilot ids per source"
42,mmlu::professional_medicine-206,mmlu,professional_medicine-206,42,42,"stratified largest-remainder {'medmcqa': 16, 'medqa': 20, 'mmlu': 14}, random.Random(42).sample over sorted pilot ids per source"
43,medqa::0759,medqa,0759,42,42,"stratified largest-remainder {'medmcqa': 16, 'medqa': 20, 'mmlu': 14}, random.Random(42).sample over sorted pilot ids per source"
44,medmcqa::e3b365b5-231a-4439-900a-c2cd741266a1,medmcqa,e3b365b5-231a-4439-900a-c2cd741266a1,42,42,"stratified largest-remainder {'medmcqa': 16, 'medqa': 20, 'mmlu': 14}, random.Random(42).sample over sorted pilot ids per source"
45,medqa::0789,medqa,0789,42,42,"stratified largest-remainder {'medmcqa': 16, 'medqa': 20, 'mmlu': 14}, random.Random(42).sample over sorted pilot ids per source"
46,medmcqa::ee5e4f25-9cee-48ea-b4aa-b631162d4543,medmcqa,ee5e4f25-9cee-48ea-b4aa-b631162d4543,42,42,"stratified largest-remainder {'medmcqa': 16, 'medqa': 20, 'mmlu': 14}, random.Random(42).sample over sorted pilot ids per source"
47,medqa::0940,medqa,0940,42,42,"stratified largest-remainder {'medmcqa': 16, 'medqa': 20, 'mmlu': 14}, random.Random(42).sample over sorted pilot ids per source"
48,medqa::1112,medqa,1112,42,42,"stratified largest-remainder {'medmcqa': 16, 'medqa': 20, 'mmlu': 14}, random.Random(42).sample over sorted pilot ids per source"
49,medqa::1144,medqa,1144,42,42,"stratified largest-remainder {'medmcqa': 16, 'medqa': 20, 'mmlu': 14}, random.Random(42).sample over sorted pilot ids per source"
50,medqa::1250,medqa,1250,42,42,"stratified largest-remainder {'medmcqa': 16, 'medqa': 20, 'mmlu': 14}, random.Random(42).sample over sorted pilot ids per source"
