question_id,source_dataset,condition,transition_type,mcq_evaluable,perturbed_evaluable,both_evaluable,mcq_correct,perturbed_correct,mcq_selected_index,perturbed_selected_index,mcq_selected_text,perturbed_selected_text,mcq_gold_index,perturbed_gold_index,mcq_gold_text,perturbed_gold_text,position_changed,semantic_answer_changed,transition,adaptation
medmcqa::0fc0b4ce-9bfd-48a2-920d-88c67e2c4e9c,medmcqa,roman_numeral,correctness,True,True,True,True,True,2.0,2.0,Sagittal sinus thrombosis,Sagittal sinus thrombosis,2.0,2.0,Sagittal sinus thrombosis,Sagittal sinus thrombosis,False,False,C->C,
medmcqa::0fc0b4ce-9bfd-48a2-920d-88c67e2c4e9c,medmcqa,none_of_the_provided,adaptation,True,True,True,True,True,2.0,2.0,Sagittal sinus thrombosis,None of the provided options,2.0,2.0,Sagittal sinus thrombosis,None of the provided options,False,True,C->C,successful_adaptation
medmcqa::0fc0b4ce-9bfd-48a2-920d-88c67e2c4e9c,medmcqa,fixed_pos,correctness,True,True,True,True,True,2.0,3.0,Sagittal sinus thrombosis,Sagittal sinus thrombosis,2.0,3.0,Sagittal sinus thrombosis,Sagittal sinus thrombosis,True,False,C->C,
medmcqa::0fc0b4ce-9bfd-48a2-920d-88c67e2c4e9c,medmcqa,incorrect,inversion,True,True,True,True,True,2.0,2.0,Sagittal sinus thrombosis,Sagittal sinus thrombosis,2.0,,Sagittal sinus thrombosis,,False,False,C->C,successful_adaptation
medmcqa::0fc0b4ce-9bfd-48a2-920d-88c67e2c4e9c,medmcqa,open,open_generation,True,False,False,True,,2.0,,Sagittal sinus thrombosis,,2.0,2.0,Sagittal sinus thrombosis,Sagittal sinus thrombosis,,,,
medmcqa::0fc0b4ce-9bfd-48a2-920d-88c67e2c4e9c,medmcqa,no_symbols,correctness,True,True,True,True,True,2.0,2.0,Sagittal sinus thrombosis,Sagittal sinus thrombosis,2.0,2.0,Sagittal sinus thrombosis,Sagittal sinus thrombosis,False,False,C->C,
medmcqa::1f8a97a5-64cf-4635-a50a-e84ac5a0d7f1,medmcqa,roman_numeral,correctness,True,True,True,True,True,2.0,2.0,Intravenous fluids,Intravenous fluids,2.0,2.0,Intravenous fluids,Intravenous fluids,False,False,C->C,
medmcqa::1f8a97a5-64cf-4635-a50a-e84ac5a0d7f1,medmcqa,none_of_the_provided,adaptation,True,True,True,True,True,2.0,2.0,Intravenous fluids,None of the provided options,2.0,2.0,Intravenous fluids,None of the provided options,False,True,C->C,successful_adaptation
medmcqa::1f8a97a5-64cf-4635-a50a-e84ac5a0d7f1,medmcqa,fixed_pos,correctness,True,True,True,True,True,2.0,3.0,Intravenous fluids,Intravenous fluids,2.0,3.0,Intravenous fluids,Intravenous fluids,True,False,C->C,
medmcqa::1f8a97a5-64cf-4635-a50a-e84ac5a0d7f1,medmcqa,incorrect,inversion,True,True,True,True,True,2.0,2.0,Intravenous fluids,Intravenous fluids,2.0,,Intravenous fluids,,False,False,C->C,successful_adaptation
medmcqa::1f8a97a5-64cf-4635-a50a-e84ac5a0d7f1,medmcqa,open,open_generation,True,False,False,True,,2.0,,Intravenous fluids,,2.0,2.0,Intravenous fluids,Intravenous fluids,,,,
medmcqa::1f8a97a5-64cf-4635-a50a-e84ac5a0d7f1,medmcqa,no_symbols,correctness,True,True,True,True,True,2.0,2.0,Intravenous fluids,Intravenous fluids,2.0,2.0,Intravenous fluids,Intravenous fluids,False,False,C->C,
medmcqa::20929b62-1d50-4e64-9370-8d4966ccb2ae,medmcqa,roman_numeral,correctness,True,True,True,True,True,3.0,3.0,Carotico-cavernous fistula,Carotico-cavernous fistula,3.0,3.0,Carotico-cavernous fistula,Carotico-cavernous fistula,False,False,C->C,
medmcqa::20929b62-1d50-4e64-9370-8d4966ccb2ae,medmcqa,none_of_the_provided,adaptation,True,True,True,True,True,3.0,3.0,Carotico-cavernous fistula,None of the provided options,3.0,3.0,Carotico-cavernous fistula,None of the provided options,False,True,C->C,successful_adaptation
medmcqa::20929b62-1d50-4e64-9370-8d4966ccb2ae,medmcqa,fixed_pos,correctness,True,True,True,True,True,3.0,3.0,Carotico-cavernous fistula,Carotico-cavernous fistula,3.0,3.0,Carotico-cavernous fistula,Carotico-cavernous fistula,False,False,C->C,
medmcqa::20929b62-1d50-4e64-9370-8d4966ccb2ae,medmcqa,incorrect,inversion,True,True,True,True,True,3.0,3.0,Carotico-cavernous fistula,Carotico-cavernous fistula,3.0,,Carotico-cavernous fistula,,False,False,C->C,successful_adaptation
medmcqa::20929b62-1d50-4e64-9370-8d4966ccb2ae,medmcqa,open,open_generation,True,False,False,True,,3.0,,Carotico-cavernous fistula,,3.0,3.0,Carotico-cavernous fistula,Carotico-cavernous fistula,,,,
medmcqa::20929b62-1d50-4e64-9370-8d4966ccb2ae,medmcqa,no_symbols,correctness,True,True,True,True,True,3.0,3.0,Carotico-cavernous fistula,Carotico-cavernous fistula,3.0,3.0,Carotico-cavernous fistula,Carotico-cavernous fistula,False,False,C->C,
medmcqa::26f30f24-dcd8-453d-8553-9ee82ad496e1,medmcqa,roman_numeral,correctness,True,True,True,True,True,0.0,0.0,Gerstmann's syndrome,Gerstmann's syndrome,0.0,0.0,Gerstmann's syndrome,Gerstmann's syndrome,False,False,C->C,
medmcqa::26f30f24-dcd8-453d-8553-9ee82ad496e1,medmcqa,none_of_the_provided,adaptation,True,True,True,True,True,0.0,0.0,Gerstmann's syndrome,None of the provided options,0.0,0.0,Gerstmann's syndrome,None of the provided options,False,True,C->C,successful_adaptation
medmcqa::26f30f24-dcd8-453d-8553-9ee82ad496e1,medmcqa,fixed_pos,correctness,True,True,True,True,True,0.0,3.0,Gerstmann's syndrome,Gerstmann's syndrome,0.0,3.0,Gerstmann's syndrome,Gerstmann's syndrome,True,False,C->C,
medmcqa::26f30f24-dcd8-453d-8553-9ee82ad496e1,medmcqa,incorrect,inversion,True,True,True,True,True,0.0,0.0,Gerstmann's syndrome,Gerstmann's syndrome,0.0,,Gerstmann's syndrome,,False,False,C->C,successful_adaptation
medmcqa::26f30f24-dcd8-453d-8553-9ee82ad496e1,medmcqa,open,open_generation,True,False,False,True,,0.0,,Gerstmann's syndrome,,0.0,0.0,Gerstmann's syndrome,Gerstmann's syndrome,,,,
medmcqa::26f30f24-dcd8-453d-8553-9ee82ad496e1,medmcqa,no_symbols,correctness,True,True,True,True,True,0.0,0.0,Gerstmann's syndrome,Gerstmann's syndrome,0.0,0.0,Gerstmann's syndrome,Gerstmann's syndrome,False,False,C->C,
medmcqa::2719953f-15c7-4003-83ed-0baf2654d35a,medmcqa,roman_numeral,correctness,True,True,True,True,True,1.0,1.0,Toxoplasmosis,Toxoplasmosis,1.0,1.0,Toxoplasmosis,Toxoplasmosis,False,False,C->C,
medmcqa::2719953f-15c7-4003-83ed-0baf2654d35a,medmcqa,none_of_the_provided,adaptation,True,True,True,True,True,1.0,1.0,Toxoplasmosis,None of the provided options,1.0,1.0,Toxoplasmosis,None of the provided options,False,True,C->C,successful_adaptation
medmcqa::2719953f-15c7-4003-83ed-0baf2654d35a,medmcqa,fixed_pos,correctness,True,True,True,True,True,1.0,3.0,Toxoplasmosis,Toxoplasmosis,1.0,3.0,Toxoplasmosis,Toxoplasmosis,True,False,C->C,
medmcqa::2719953f-15c7-4003-83ed-0baf2654d35a,medmcqa,incorrect,inversion,True,True,True,True,True,1.0,1.0,Toxoplasmosis,Toxoplasmosis,1.0,,Toxoplasmosis,,False,False,C->C,successful_adaptation
medmcqa::2719953f-15c7-4003-83ed-0baf2654d35a,medmcqa,open,open_generation,True,True,True,True,True,1.0,,Toxoplasmosis,Toxoplasmosis,1.0,1.0,Toxoplasmosis,Toxoplasmosis,,False,C->C,
medmcqa::2719953f-15c7-4003-83ed-0baf2654d35a,medmcqa,no_symbols,correctness,True,True,True,True,True,1.0,1.0,Toxoplasmosis,Toxoplasmosis,1.0,1.0,Toxoplasmosis,Toxoplasmosis,False,False,C->C,
medmcqa::3c6acd9a-5776-40dc-a952-678746215562,medmcqa,roman_numeral,correctness,True,True,True,True,True,1.0,1.0,Low safety,Low safety,1.0,1.0,Low safety,Low safety,False,False,C->C,
medmcqa::3c6acd9a-5776-40dc-a952-678746215562,medmcqa,none_of_the_provided,adaptation,True,True,True,True,False,1.0,0.0,Low safety,Contraindicated,1.0,1.0,Low safety,None of the provided options,True,True,C->W,failure_to_adapt_chose_distractor
medmcqa::3c6acd9a-5776-40dc-a952-678746215562,medmcqa,fixed_pos,correctness,True,True,True,True,False,1.0,2.0,Low safety,Can be used safely,1.0,3.0,Low safety,Low safety,True,True,C->W,
medmcqa::3c6acd9a-5776-40dc-a952-678746215562,medmcqa,incorrect,inversion,True,True,True,True,True,1.0,1.0,Low safety,Low safety,1.0,,Low safety,,False,False,C->C,successful_adaptation
medmcqa::3c6acd9a-5776-40dc-a952-678746215562,medmcqa,open,open_generation,True,False,False,True,,1.0,,Low safety,,1.0,1.0,Low safety,Low safety,,,,
medmcqa::3c6acd9a-5776-40dc-a952-678746215562,medmcqa,no_symbols,correctness,True,True,True,True,True,1.0,1.0,Low safety,Low safety,1.0,1.0,Low safety,Low safety,False,False,C->C,
medmcqa::4282ea27-91a4-4cd7-9781-2958d3986552,medmcqa,roman_numeral,correctness,True,True,True,True,True,0.0,0.0,Bronchoscopy,Bronchoscopy,0.0,0.0,Bronchoscopy,Bronchoscopy,False,False,C->C,
medmcqa::4282ea27-91a4-4cd7-9781-2958d3986552,medmcqa,none_of_the_provided,adaptation,True,True,True,True,False,0.0,2.0,Bronchoscopy,Barium esophagogram,0.0,0.0,Bronchoscopy,None of the provided options,True,True,C->W,failure_to_adapt_chose_distractor
medmcqa::4282ea27-91a4-4cd7-9781-2958d3986552,medmcqa,fixed_pos,correctness,True,True,True,True,True,0.0,3.0,Bronchoscopy,Bronchoscopy,0.0,3.0,Bronchoscopy,Bronchoscopy,True,False,C->C,
medmcqa::4282ea27-91a4-4cd7-9781-2958d3986552,medmcqa,incorrect,inversion,True,True,True,True,True,0.0,0.0,Bronchoscopy,Bronchoscopy,0.0,,Bronchoscopy,,False,False,C->C,successful_adaptation
medmcqa::4282ea27-91a4-4cd7-9781-2958d3986552,medmcqa,open,open_generation,True,True,True,True,True,0.0,,Bronchoscopy,Bronchoscopy,0.0,0.0,Bronchoscopy,Bronchoscopy,,False,C->C,
medmcqa::4282ea27-91a4-4cd7-9781-2958d3986552,medmcqa,no_symbols,correctness,True,True,True,True,True,0.0,0.0,Bronchoscopy,Bronchoscopy,0.0,0.0,Bronchoscopy,Bronchoscopy,False,False,C->C,
medmcqa::46669fd0-e19c-4e9c-bdc4-836d0d9771f4,medmcqa,roman_numeral,correctness,True,True,True,True,True,0.0,0.0,Inhibit osteoclast mediated resorption,Inhibit osteoclast mediated resorption,0.0,0.0,Inhibit osteoclast mediated resorption,Inhibit osteoclast mediated resorption,False,False,C->C,
medmcqa::46669fd0-e19c-4e9c-bdc4-836d0d9771f4,medmcqa,none_of_the_provided,adaptation,True,True,True,True,True,0.0,0.0,Inhibit osteoclast mediated resorption,None of the provided options,0.0,0.0,Inhibit osteoclast mediated resorption,None of the provided options,False,True,C->C,successful_adaptation
medmcqa::46669fd0-e19c-4e9c-bdc4-836d0d9771f4,medmcqa,fixed_pos,correctness,True,True,True,True,True,0.0,3.0,Inhibit osteoclast mediated resorption,Inhibit osteoclast mediated resorption,0.0,3.0,Inhibit osteoclast mediated resorption,Inhibit osteoclast mediated resorption,True,False,C->C,
medmcqa::46669fd0-e19c-4e9c-bdc4-836d0d9771f4,medmcqa,incorrect,inversion,True,True,True,True,True,0.0,0.0,Inhibit osteoclast mediated resorption,Inhibit osteoclast mediated resorption,0.0,,Inhibit osteoclast mediated resorption,,False,False,C->C,successful_adaptation
medmcqa::46669fd0-e19c-4e9c-bdc4-836d0d9771f4,medmcqa,open,open_generation,True,False,False,True,,0.0,,Inhibit osteoclast mediated resorption,,0.0,0.0,Inhibit osteoclast mediated resorption,Inhibit osteoclast mediated resorption,,,,
medmcqa::46669fd0-e19c-4e9c-bdc4-836d0d9771f4,medmcqa,no_symbols,correctness,True,True,True,True,True,0.0,0.0,Inhibit osteoclast mediated resorption,Inhibit osteoclast mediated resorption,0.0,0.0,Inhibit osteoclast mediated resorption,Inhibit osteoclast mediated resorption,False,False,C->C,
medmcqa::711d84b6-7ff9-4ed2-a961-b7c604e3a9c6,medmcqa,roman_numeral,correctness,True,True,True,True,True,2.0,2.0,5% CaCl,5% CaCl,2.0,2.0,5% CaCl,5% CaCl,False,False,C->C,
medmcqa::711d84b6-7ff9-4ed2-a961-b7c604e3a9c6,medmcqa,none_of_the_provided,adaptation,True,True,True,True,True,2.0,2.0,5% CaCl,None of the provided options,2.0,2.0,5% CaCl,None of the provided options,False,True,C->C,successful_adaptation
medmcqa::711d84b6-7ff9-4ed2-a961-b7c604e3a9c6,medmcqa,fixed_pos,correctness,True,True,True,True,True,2.0,3.0,5% CaCl,5% CaCl,2.0,3.0,5% CaCl,5% CaCl,True,False,C->C,
medmcqa::711d84b6-7ff9-4ed2-a961-b7c604e3a9c6,medmcqa,incorrect,inversion,True,True,True,True,True,2.0,2.0,5% CaCl,5% CaCl,2.0,,5% CaCl,,False,False,C->C,successful_adaptation
medmcqa::711d84b6-7ff9-4ed2-a961-b7c604e3a9c6,medmcqa,open,open_generation,True,False,False,True,,2.0,,5% CaCl,,2.0,2.0,5% CaCl,5% CaCl,,,,
medmcqa::711d84b6-7ff9-4ed2-a961-b7c604e3a9c6,medmcqa,no_symbols,correctness,True,True,True,True,True,2.0,2.0,5% CaCl,5% CaCl,2.0,2.0,5% CaCl,5% CaCl,False,False,C->C,
medmcqa::8d6cd2e6-9912-4bb5-b276-289f11e6371f,medmcqa,roman_numeral,correctness,True,True,True,True,True,0.0,0.0,"Iodoform, camphor, parachlorophenol and menthol","Iodoform, camphor, parachlorophenol and menthol",0.0,0.0,"Iodoform, camphor, parachlorophenol and menthol","Iodoform, camphor, parachlorophenol and menthol",False,False,C->C,
medmcqa::8d6cd2e6-9912-4bb5-b276-289f11e6371f,medmcqa,none_of_the_provided,adaptation,True,True,True,True,True,0.0,0.0,"Iodoform, camphor, parachlorophenol and menthol",None of the provided options,0.0,0.0,"Iodoform, camphor, parachlorophenol and menthol",None of the provided options,False,True,C->C,successful_adaptation
medmcqa::8d6cd2e6-9912-4bb5-b276-289f11e6371f,medmcqa,fixed_pos,correctness,True,True,True,True,True,0.0,3.0,"Iodoform, camphor, parachlorophenol and menthol","Iodoform, camphor, parachlorophenol and menthol",0.0,3.0,"Iodoform, camphor, parachlorophenol and menthol","Iodoform, camphor, parachlorophenol and menthol",True,False,C->C,
medmcqa::8d6cd2e6-9912-4bb5-b276-289f11e6371f,medmcqa,incorrect,inversion,True,True,True,True,True,0.0,0.0,"Iodoform, camphor, parachlorophenol and menthol","Iodoform, camphor, parachlorophenol and menthol",0.0,,"Iodoform, camphor, parachlorophenol and menthol",,False,False,C->C,successful_adaptation
medmcqa::8d6cd2e6-9912-4bb5-b276-289f11e6371f,medmcqa,open,open_generation,True,False,False,True,,0.0,,"Iodoform, camphor, parachlorophenol and menthol",,0.0,0.0,"Iodoform, camphor, parachlorophenol and menthol","Iodoform, camphor, parachlorophenol and menthol",,,,
medmcqa::8d6cd2e6-9912-4bb5-b276-289f11e6371f,medmcqa,no_symbols,correctness,True,True,True,True,True,0.0,0.0,"Iodoform, camphor, parachlorophenol and menthol","Iodoform, camphor, parachlorophenol and menthol",0.0,0.0,"Iodoform, camphor, parachlorophenol and menthol","Iodoform, camphor, parachlorophenol and menthol",False,False,C->C,
medmcqa::92bc808f-994e-4669-80e5-77305a9f9178,medmcqa,roman_numeral,correctness,True,True,True,True,True,3.0,3.0,Cortisol,Cortisol,3.0,3.0,Cortisol,Cortisol,False,False,C->C,
medmcqa::92bc808f-994e-4669-80e5-77305a9f9178,medmcqa,none_of_the_provided,adaptation,True,True,True,True,True,3.0,3.0,Cortisol,None of the provided options,3.0,3.0,Cortisol,None of the provided options,False,True,C->C,successful_adaptation
medmcqa::92bc808f-994e-4669-80e5-77305a9f9178,medmcqa,fixed_pos,correctness,True,True,True,True,True,3.0,3.0,Cortisol,Cortisol,3.0,3.0,Cortisol,Cortisol,False,False,C->C,
medmcqa::92bc808f-994e-4669-80e5-77305a9f9178,medmcqa,incorrect,inversion,True,True,True,True,True,3.0,3.0,Cortisol,Cortisol,3.0,,Cortisol,,False,False,C->C,successful_adaptation
medmcqa::92bc808f-994e-4669-80e5-77305a9f9178,medmcqa,open,open_generation,True,True,True,True,True,3.0,,Cortisol,Cortisol,3.0,3.0,Cortisol,Cortisol,,False,C->C,
medmcqa::92bc808f-994e-4669-80e5-77305a9f9178,medmcqa,no_symbols,correctness,True,True,True,True,True,3.0,3.0,Cortisol,Cortisol,3.0,3.0,Cortisol,Cortisol,False,False,C->C,
medmcqa::98893c1c-a979-476e-8b82-ef3bd2a02da7,medmcqa,roman_numeral,correctness,True,True,True,True,True,0.0,0.0,Intensity of stimulus,Intensity of stimulus,0.0,0.0,Intensity of stimulus,Intensity of stimulus,False,False,C->C,
medmcqa::98893c1c-a979-476e-8b82-ef3bd2a02da7,medmcqa,none_of_the_provided,adaptation,True,True,True,True,True,0.0,0.0,Intensity of stimulus,None of the provided options,0.0,0.0,Intensity of stimulus,None of the provided options,False,True,C->C,successful_adaptation
medmcqa::98893c1c-a979-476e-8b82-ef3bd2a02da7,medmcqa,fixed_pos,correctness,True,True,True,True,True,0.0,3.0,Intensity of stimulus,Intensity of stimulus,0.0,3.0,Intensity of stimulus,Intensity of stimulus,True,False,C->C,
medmcqa::98893c1c-a979-476e-8b82-ef3bd2a02da7,medmcqa,incorrect,inversion,True,True,True,True,True,0.0,0.0,Intensity of stimulus,Intensity of stimulus,0.0,,Intensity of stimulus,,False,False,C->C,successful_adaptation
medmcqa::98893c1c-a979-476e-8b82-ef3bd2a02da7,medmcqa,open,open_generation,True,False,False,True,,0.0,,Intensity of stimulus,,0.0,0.0,Intensity of stimulus,Intensity of stimulus,,,,
medmcqa::98893c1c-a979-476e-8b82-ef3bd2a02da7,medmcqa,no_symbols,correctness,True,True,True,True,True,0.0,0.0,Intensity of stimulus,Intensity of stimulus,0.0,0.0,Intensity of stimulus,Intensity of stimulus,False,False,C->C,
medmcqa::aa8da3cd-fdc2-42ef-96f5-9de78597f924,medmcqa,roman_numeral,correctness,True,True,True,True,True,2.0,2.0,Clindamycin,Clindamycin,2.0,2.0,Clindamycin,Clindamycin,False,False,C->C,
medmcqa::aa8da3cd-fdc2-42ef-96f5-9de78597f924,medmcqa,none_of_the_provided,adaptation,True,True,True,True,True,2.0,2.0,Clindamycin,None of the provided options,2.0,2.0,Clindamycin,None of the provided options,False,True,C->C,successful_adaptation
medmcqa::aa8da3cd-fdc2-42ef-96f5-9de78597f924,medmcqa,fixed_pos,correctness,True,True,True,True,True,2.0,3.0,Clindamycin,Clindamycin,2.0,3.0,Clindamycin,Clindamycin,True,False,C->C,
medmcqa::aa8da3cd-fdc2-42ef-96f5-9de78597f924,medmcqa,incorrect,inversion,True,True,True,True,True,2.0,2.0,Clindamycin,Clindamycin,2.0,,Clindamycin,,False,False,C->C,successful_adaptation
medmcqa::aa8da3cd-fdc2-42ef-96f5-9de78597f924,medmcqa,open,open_generation,True,True,True,True,True,2.0,,Clindamycin,Clindamycin,2.0,2.0,Clindamycin,Clindamycin,,False,C->C,
medmcqa::aa8da3cd-fdc2-42ef-96f5-9de78597f924,medmcqa,no_symbols,correctness,True,True,True,True,True,2.0,2.0,Clindamycin,Clindamycin,2.0,2.0,Clindamycin,Clindamycin,False,False,C->C,
medmcqa::be9a2669-d3a5-41a7-9b1b-608757751254,medmcqa,roman_numeral,correctness,True,True,True,True,True,1.0,1.0,2-6 degC,2-6 degC,1.0,1.0,2-6 degC,2-6 degC,False,False,C->C,
medmcqa::be9a2669-d3a5-41a7-9b1b-608757751254,medmcqa,none_of_the_provided,adaptation,True,True,True,True,True,1.0,1.0,2-6 degC,None of the provided options,1.0,1.0,2-6 degC,None of the provided options,False,True,C->C,successful_adaptation
medmcqa::be9a2669-d3a5-41a7-9b1b-608757751254,medmcqa,fixed_pos,correctness,True,True,True,True,True,1.0,3.0,2-6 degC,2-6 degC,1.0,3.0,2-6 degC,2-6 degC,True,False,C->C,
medmcqa::be9a2669-d3a5-41a7-9b1b-608757751254,medmcqa,incorrect,inversion,True,True,True,True,True,1.0,1.0,2-6 degC,2-6 degC,1.0,,2-6 degC,,False,False,C->C,successful_adaptation
medmcqa::be9a2669-d3a5-41a7-9b1b-608757751254,medmcqa,open,open_generation,True,False,False,True,,1.0,,2-6 degC,,1.0,1.0,2-6 degC,2-6 degC,,,,
medmcqa::be9a2669-d3a5-41a7-9b1b-608757751254,medmcqa,no_symbols,correctness,True,True,True,True,True,1.0,1.0,2-6 degC,2-6 degC,1.0,1.0,2-6 degC,2-6 degC,False,False,C->C,
medmcqa::e3b365b5-231a-4439-900a-c2cd741266a1,medmcqa,roman_numeral,correctness,True,True,True,True,True,0.0,0.0,Deep branch of ulnar nerve,Deep branch of ulnar nerve,0.0,0.0,Deep branch of ulnar nerve,Deep branch of ulnar nerve,False,False,C->C,
medmcqa::e3b365b5-231a-4439-900a-c2cd741266a1,medmcqa,none_of_the_provided,adaptation,True,True,True,True,True,0.0,0.0,Deep branch of ulnar nerve,None of the provided options,0.0,0.0,Deep branch of ulnar nerve,None of the provided options,False,True,C->C,successful_adaptation
medmcqa::e3b365b5-231a-4439-900a-c2cd741266a1,medmcqa,fixed_pos,correctness,True,True,True,True,True,0.0,3.0,Deep branch of ulnar nerve,Deep branch of ulnar nerve,0.0,3.0,Deep branch of ulnar nerve,Deep branch of ulnar nerve,True,False,C->C,
medmcqa::e3b365b5-231a-4439-900a-c2cd741266a1,medmcqa,incorrect,inversion,True,True,True,True,True,0.0,0.0,Deep branch of ulnar nerve,Deep branch of ulnar nerve,0.0,,Deep branch of ulnar nerve,,False,False,C->C,successful_adaptation
medmcqa::e3b365b5-231a-4439-900a-c2cd741266a1,medmcqa,open,open_generation,True,False,False,True,,0.0,,Deep branch of ulnar nerve,,0.0,0.0,Deep branch of ulnar nerve,Deep branch of ulnar nerve,,,,
medmcqa::e3b365b5-231a-4439-900a-c2cd741266a1,medmcqa,no_symbols,correctness,True,True,True,True,True,0.0,0.0,Deep branch of ulnar nerve,Deep branch of ulnar nerve,0.0,0.0,Deep branch of ulnar nerve,Deep branch of ulnar nerve,False,False,C->C,
medmcqa::ee5e4f25-9cee-48ea-b4aa-b631162d4543,medmcqa,roman_numeral,correctness,True,True,True,True,True,2.0,2.0,Asthenozoospermia,Asthenozoospermia,2.0,2.0,Asthenozoospermia,Asthenozoospermia,False,False,C->C,
medmcqa::ee5e4f25-9cee-48ea-b4aa-b631162d4543,medmcqa,none_of_the_provided,adaptation,True,True,True,True,True,2.0,2.0,Asthenozoospermia,None of the provided options,2.0,2.0,Asthenozoospermia,None of the provided options,False,True,C->C,successful_adaptation
medmcqa::ee5e4f25-9cee-48ea-b4aa-b631162d4543,medmcqa,fixed_pos,correctness,True,True,True,True,True,2.0,3.0,Asthenozoospermia,Asthenozoospermia,2.0,3.0,Asthenozoospermia,Asthenozoospermia,True,False,C->C,
medmcqa::ee5e4f25-9cee-48ea-b4aa-b631162d4543,medmcqa,incorrect,inversion,True,True,True,True,True,2.0,2.0,Asthenozoospermia,Asthenozoospermia,2.0,,Asthenozoospermia,,False,False,C->C,successful_adaptation
medmcqa::ee5e4f25-9cee-48ea-b4aa-b631162d4543,medmcqa,open,open_generation,True,False,False,True,,2.0,,Asthenozoospermia,,2.0,2.0,Asthenozoospermia,Asthenozoospermia,,,,
medmcqa::ee5e4f25-9cee-48ea-b4aa-b631162d4543,medmcqa,no_symbols,correctness,True,True,True,True,True,2.0,2.0,Asthenozoospermia,Asthenozoospermia,2.0,2.0,Asthenozoospermia,Asthenozoospermia,False,False,C->C,
medqa::0014,medqa,roman_numeral,correctness,True,True,True,True,True,2.0,2.0,Rotavirus,Rotavirus,2.0,2.0,Rotavirus,Rotavirus,False,False,C->C,
medqa::0014,medqa,none_of_the_provided,adaptation,True,True,True,True,True,2.0,2.0,Rotavirus,None of the provided options,2.0,2.0,Rotavirus,None of the provided options,False,True,C->C,successful_adaptation
medqa::0014,medqa,fixed_pos,correctness,True,True,True,True,True,2.0,3.0,Rotavirus,Rotavirus,2.0,3.0,Rotavirus,Rotavirus,True,False,C->C,
medqa::0014,medqa,incorrect,inversion,True,True,True,True,True,2.0,2.0,Rotavirus,Rotavirus,2.0,,Rotavirus,,False,False,C->C,successful_adaptation
medqa::0014,medqa,open,open_generation,True,False,False,True,,2.0,,Rotavirus,,2.0,2.0,Rotavirus,Rotavirus,,,,
medqa::0014,medqa,no_symbols,correctness,True,True,True,True,True,2.0,2.0,Rotavirus,Rotavirus,2.0,2.0,Rotavirus,Rotavirus,False,False,C->C,
medqa::0063,medqa,roman_numeral,correctness,True,True,True,True,True,0.0,0.0,Insert a ‘straight cath’ into the patient’s bladder,Insert a ‘straight cath’ into the patient’s bladder,0.0,0.0,Insert a ‘straight cath’ into the patient’s bladder,Insert a ‘straight cath’ into the patient’s bladder,False,False,C->C,
medqa::0063,medqa,none_of_the_provided,adaptation,True,True,True,True,True,0.0,0.0,Insert a ‘straight cath’ into the patient’s bladder,None of the provided options,0.0,0.0,Insert a ‘straight cath’ into the patient’s bladder,None of the provided options,False,True,C->C,successful_adaptation
medqa::0063,medqa,fixed_pos,correctness,True,True,True,True,True,0.0,3.0,Insert a ‘straight cath’ into the patient’s bladder,Insert a ‘straight cath’ into the patient’s bladder,0.0,3.0,Insert a ‘straight cath’ into the patient’s bladder,Insert a ‘straight cath’ into the patient’s bladder,True,False,C->C,
medqa::0063,medqa,incorrect,inversion,True,True,True,True,True,0.0,0.0,Insert a ‘straight cath’ into the patient’s bladder,Insert a ‘straight cath’ into the patient’s bladder,0.0,,Insert a ‘straight cath’ into the patient’s bladder,,False,False,C->C,successful_adaptation
medqa::0063,medqa,open,open_generation,True,False,False,True,,0.0,,Insert a ‘straight cath’ into the patient’s bladder,,0.0,0.0,Insert a ‘straight cath’ into the patient’s bladder,Insert a ‘straight cath’ into the patient’s bladder,,,,
medqa::0063,medqa,no_symbols,correctness,True,True,True,True,True,0.0,0.0,Insert a ‘straight cath’ into the patient’s bladder,Insert a ‘straight cath’ into the patient’s bladder,0.0,0.0,Insert a ‘straight cath’ into the patient’s bladder,Insert a ‘straight cath’ into the patient’s bladder,False,False,C->C,
medqa::0067,medqa,roman_numeral,correctness,True,True,True,True,True,1.0,1.0,Transplacental passage of TSH receptor antibodies,Transplacental passage of TSH receptor antibodies,1.0,1.0,Transplacental passage of TSH receptor antibodies,Transplacental passage of TSH receptor antibodies,False,False,C->C,
medqa::0067,medqa,none_of_the_provided,adaptation,True,True,True,True,True,1.0,1.0,Transplacental passage of TSH receptor antibodies,None of the provided options,1.0,1.0,Transplacental passage of TSH receptor antibodies,None of the provided options,False,True,C->C,successful_adaptation
medqa::0067,medqa,fixed_pos,correctness,True,True,True,True,True,1.0,3.0,Transplacental passage of TSH receptor antibodies,Transplacental passage of TSH receptor antibodies,1.0,3.0,Transplacental passage of TSH receptor antibodies,Transplacental passage of TSH receptor antibodies,True,False,C->C,
medqa::0067,medqa,incorrect,inversion,True,True,True,True,True,1.0,1.0,Transplacental passage of TSH receptor antibodies,Transplacental passage of TSH receptor antibodies,1.0,,Transplacental passage of TSH receptor antibodies,,False,False,C->C,successful_adaptation
medqa::0067,medqa,open,open_generation,True,False,False,True,,1.0,,Transplacental passage of TSH receptor antibodies,,1.0,1.0,Transplacental passage of TSH receptor antibodies,Transplacental passage of TSH receptor antibodies,,,,
medqa::0067,medqa,no_symbols,correctness,True,True,True,True,True,1.0,1.0,Transplacental passage of TSH receptor antibodies,Transplacental passage of TSH receptor antibodies,1.0,1.0,Transplacental passage of TSH receptor antibodies,Transplacental passage of TSH receptor antibodies,False,False,C->C,
medqa::0150,medqa,roman_numeral,correctness,True,True,True,True,True,0.0,0.0,Levofloxacin,Levofloxacin,0.0,0.0,Levofloxacin,Levofloxacin,False,False,C->C,
medqa::0150,medqa,none_of_the_provided,adaptation,True,True,True,True,True,0.0,0.0,Levofloxacin,None of the provided options,0.0,0.0,Levofloxacin,None of the provided options,False,True,C->C,successful_adaptation
medqa::0150,medqa,fixed_pos,correctness,True,True,True,True,True,0.0,3.0,Levofloxacin,Levofloxacin,0.0,3.0,Levofloxacin,Levofloxacin,True,False,C->C,
medqa::0150,medqa,incorrect,inversion,True,True,True,True,True,0.0,0.0,Levofloxacin,Levofloxacin,0.0,,Levofloxacin,,False,False,C->C,successful_adaptation
medqa::0150,medqa,open,open_generation,True,True,True,True,True,0.0,,Levofloxacin,Levofloxacin,0.0,0.0,Levofloxacin,Levofloxacin,,False,C->C,
medqa::0150,medqa,no_symbols,correctness,True,True,True,True,True,0.0,0.0,Levofloxacin,Levofloxacin,0.0,0.0,Levofloxacin,Levofloxacin,False,False,C->C,
medqa::0167,medqa,roman_numeral,correctness,True,True,True,True,True,2.0,2.0,Takotsubo cardiomyopathy,Takotsubo cardiomyopathy,2.0,2.0,Takotsubo cardiomyopathy,Takotsubo cardiomyopathy,False,False,C->C,
medqa::0167,medqa,none_of_the_provided,adaptation,True,True,True,True,True,2.0,2.0,Takotsubo cardiomyopathy,None of the provided options,2.0,2.0,Takotsubo cardiomyopathy,None of the provided options,False,True,C->C,successful_adaptation
medqa::0167,medqa,fixed_pos,correctness,True,True,True,True,True,2.0,3.0,Takotsubo cardiomyopathy,Takotsubo cardiomyopathy,2.0,3.0,Takotsubo cardiomyopathy,Takotsubo cardiomyopathy,True,False,C->C,
medqa::0167,medqa,incorrect,inversion,True,True,True,True,True,2.0,2.0,Takotsubo cardiomyopathy,Takotsubo cardiomyopathy,2.0,,Takotsubo cardiomyopathy,,False,False,C->C,successful_adaptation
medqa::0167,medqa,open,open_generation,True,True,True,True,True,2.0,,Takotsubo cardiomyopathy,Takotsubo cardiomyopathy,2.0,2.0,Takotsubo cardiomyopathy,Takotsubo cardiomyopathy,,False,C->C,
medqa::0167,medqa,no_symbols,correctness,True,True,True,True,True,2.0,2.0,Takotsubo cardiomyopathy,Takotsubo cardiomyopathy,2.0,2.0,Takotsubo cardiomyopathy,Takotsubo cardiomyopathy,False,False,C->C,
medqa::0214,medqa,roman_numeral,correctness,True,True,True,True,True,1.0,1.0,Factitious disorder,Factitious disorder,1.0,1.0,Factitious disorder,Factitious disorder,False,False,C->C,
medqa::0214,medqa,none_of_the_provided,adaptation,True,True,True,True,True,1.0,1.0,Factitious disorder,None of the provided options,1.0,1.0,Factitious disorder,None of the provided options,False,True,C->C,successful_adaptation
medqa::0214,medqa,fixed_pos,correctness,True,True,True,True,True,1.0,3.0,Factitious disorder,Factitious disorder,1.0,3.0,Factitious disorder,Factitious disorder,True,False,C->C,
medqa::0214,medqa,incorrect,inversion,True,True,True,True,True,1.0,1.0,Factitious disorder,Factitious disorder,1.0,,Factitious disorder,,False,False,C->C,successful_adaptation
medqa::0214,medqa,open,open_generation,True,False,False,True,,1.0,,Factitious disorder,,1.0,1.0,Factitious disorder,Factitious disorder,,,,
medqa::0214,medqa,no_symbols,correctness,True,True,True,True,True,1.0,1.0,Factitious disorder,Factitious disorder,1.0,1.0,Factitious disorder,Factitious disorder,False,False,C->C,
medqa::0290,medqa,roman_numeral,correctness,True,True,True,True,True,1.0,1.0,There is a 5.2% chance that A is more effective than B is due to chance,There is a 5.2% chance that A is more effective than B is due to chance,1.0,1.0,There is a 5.2% chance that A is more effective than B is due to chance,There is a 5.2% chance that A is more effective than B is due to chance,False,False,C->C,
medqa::0290,medqa,none_of_the_provided,adaptation,True,True,True,True,True,1.0,1.0,There is a 5.2% chance that A is more effective than B is due to chance,None of the provided options,1.0,1.0,There is a 5.2% chance that A is more effective than B is due to chance,None of the provided options,False,True,C->C,successful_adaptation
medqa::0290,medqa,fixed_pos,correctness,True,True,True,True,True,1.0,3.0,There is a 5.2% chance that A is more effective than B is due to chance,There is a 5.2% chance that A is more effective than B is due to chance,1.0,3.0,There is a 5.2% chance that A is more effective than B is due to chance,There is a 5.2% chance that A is more effective than B is due to chance,True,False,C->C,
medqa::0290,medqa,incorrect,inversion,True,True,True,True,True,1.0,1.0,There is a 5.2% chance that A is more effective than B is due to chance,There is a 5.2% chance that A is more effective than B is due to chance,1.0,,There is a 5.2% chance that A is more effective than B is due to chance,,False,False,C->C,successful_adaptation
medqa::0290,medqa,open,open_generation,True,False,False,True,,1.0,,There is a 5.2% chance that A is more effective than B is due to chance,,1.0,1.0,There is a 5.2% chance that A is more effective than B is due to chance,There is a 5.2% chance that A is more effective than B is due to chance,,,,
medqa::0290,medqa,no_symbols,correctness,True,True,True,True,True,1.0,1.0,There is a 5.2% chance that A is more effective than B is due to chance,There is a 5.2% chance that A is more effective than B is due to chance,1.0,1.0,There is a 5.2% chance that A is more effective than B is due to chance,There is a 5.2% chance that A is more effective than B is due to chance,False,False,C->C,
medqa::0324,medqa,roman_numeral,correctness,True,True,True,True,True,0.0,0.0,ERCP,ERCP,0.0,0.0,ERCP,ERCP,False,False,C->C,
medqa::0324,medqa,none_of_the_provided,adaptation,True,True,True,True,True,0.0,0.0,ERCP,None of the provided options,0.0,0.0,ERCP,None of the provided options,False,True,C->C,successful_adaptation
medqa::0324,medqa,fixed_pos,correctness,True,True,True,True,True,0.0,3.0,ERCP,ERCP,0.0,3.0,ERCP,ERCP,True,False,C->C,
medqa::0324,medqa,incorrect,inversion,True,True,True,True,True,0.0,0.0,ERCP,ERCP,0.0,,ERCP,,False,False,C->C,successful_adaptation
medqa::0324,medqa,open,open_generation,True,False,False,True,,0.0,,ERCP,,0.0,0.0,ERCP,ERCP,,,,
medqa::0324,medqa,no_symbols,correctness,True,True,True,True,True,0.0,0.0,ERCP,ERCP,0.0,0.0,ERCP,ERCP,False,False,C->C,
medqa::0357,medqa,roman_numeral,correctness,True,True,True,True,True,3.0,3.0,Heroin,Heroin,3.0,3.0,Heroin,Heroin,False,False,C->C,
medqa::0357,medqa,none_of_the_provided,adaptation,True,True,True,True,True,3.0,3.0,Heroin,None of the provided options,3.0,3.0,Heroin,None of the provided options,False,True,C->C,successful_adaptation
medqa::0357,medqa,fixed_pos,correctness,True,True,True,True,True,3.0,3.0,Heroin,Heroin,3.0,3.0,Heroin,Heroin,False,False,C->C,
medqa::0357,medqa,incorrect,inversion,True,True,True,True,True,3.0,3.0,Heroin,Heroin,3.0,,Heroin,,False,False,C->C,successful_adaptation
medqa::0357,medqa,open,open_generation,True,False,False,True,,3.0,,Heroin,,3.0,3.0,Heroin,Heroin,,,,
medqa::0357,medqa,no_symbols,correctness,True,True,True,True,True,3.0,3.0,Heroin,Heroin,3.0,3.0,Heroin,Heroin,False,False,C->C,
medqa::0415,medqa,roman_numeral,correctness,True,True,True,True,True,3.0,3.0,"If the sensitivity of this screening test were decreased, the statistical power would decrease.","If the sensitivity of this screening test were decreased, the statistical power would decrease.",3.0,3.0,"If the sensitivity of this screening test were decreased, the statistical power would decrease.","If the sensitivity of this screening test were decreased, the statistical power would decrease.",False,False,C->C,
medqa::0415,medqa,none_of_the_provided,adaptation,True,True,True,True,True,3.0,3.0,"If the sensitivity of this screening test were decreased, the statistical power would decrease.",None of the provided options,3.0,3.0,"If the sensitivity of this screening test were decreased, the statistical power would decrease.",None of the provided options,False,True,C->C,successful_adaptation
medqa::0415,medqa,fixed_pos,correctness,True,True,True,True,True,3.0,3.0,"If the sensitivity of this screening test were decreased, the statistical power would decrease.","If the sensitivity of this screening test were decreased, the statistical power would decrease.",3.0,3.0,"If the sensitivity of this screening test were decreased, the statistical power would decrease.","If the sensitivity of this screening test were decreased, the statistical power would decrease.",False,False,C->C,
medqa::0415,medqa,incorrect,inversion,True,True,True,True,True,3.0,3.0,"If the sensitivity of this screening test were decreased, the statistical power would decrease.","If the sensitivity of this screening test were decreased, the statistical power would decrease.",3.0,,"If the sensitivity of this screening test were decreased, the statistical power would decrease.",,False,False,C->C,successful_adaptation
medqa::0415,medqa,open,open_generation,True,False,False,True,,3.0,,"If the sensitivity of this screening test were decreased, the statistical power would decrease.",,3.0,3.0,"If the sensitivity of this screening test were decreased, the statistical power would decrease.","If the sensitivity of this screening test were decreased, the statistical power would decrease.",,,,
medqa::0415,medqa,no_symbols,correctness,True,True,True,True,True,3.0,3.0,"If the sensitivity of this screening test were decreased, the statistical power would decrease.","If the sensitivity of this screening test were decreased, the statistical power would decrease.",3.0,3.0,"If the sensitivity of this screening test were decreased, the statistical power would decrease.","If the sensitivity of this screening test were decreased, the statistical power would decrease.",False,False,C->C,
medqa::0438,medqa,roman_numeral,correctness,True,True,True,True,True,2.0,2.0,Na+/Cl- cotransporter in the membranes of epithelial cells in the distal convoluted tubule,Na+/Cl- cotransporter in the membranes of epithelial cells in the distal convoluted tubule,2.0,2.0,Na+/Cl- cotransporter in the membranes of epithelial cells in the distal convoluted tubule,Na+/Cl- cotransporter in the membranes of epithelial cells in the distal convoluted tubule,False,False,C->C,
medqa::0438,medqa,none_of_the_provided,adaptation,True,True,True,True,True,2.0,2.0,Na+/Cl- cotransporter in the membranes of epithelial cells in the distal convoluted tubule,None of the provided options,2.0,2.0,Na+/Cl- cotransporter in the membranes of epithelial cells in the distal convoluted tubule,None of the provided options,False,True,C->C,successful_adaptation
medqa::0438,medqa,fixed_pos,correctness,True,True,True,True,True,2.0,3.0,Na+/Cl- cotransporter in the membranes of epithelial cells in the distal convoluted tubule,Na+/Cl- cotransporter in the membranes of epithelial cells in the distal convoluted tubule,2.0,3.0,Na+/Cl- cotransporter in the membranes of epithelial cells in the distal convoluted tubule,Na+/Cl- cotransporter in the membranes of epithelial cells in the distal convoluted tubule,True,False,C->C,
medqa::0438,medqa,incorrect,inversion,True,True,True,True,True,2.0,2.0,Na+/Cl- cotransporter in the membranes of epithelial cells in the distal convoluted tubule,Na+/Cl- cotransporter in the membranes of epithelial cells in the distal convoluted tubule,2.0,,Na+/Cl- cotransporter in the membranes of epithelial cells in the distal convoluted tubule,,False,False,C->C,successful_adaptation
medqa::0438,medqa,open,open_generation,True,False,False,True,,2.0,,Na+/Cl- cotransporter in the membranes of epithelial cells in the distal convoluted tubule,,2.0,2.0,Na+/Cl- cotransporter in the membranes of epithelial cells in the distal convoluted tubule,Na+/Cl- cotransporter in the membranes of epithelial cells in the distal convoluted tubule,,,,
medqa::0438,medqa,no_symbols,correctness,True,True,True,True,True,2.0,2.0,Na+/Cl- cotransporter in the membranes of epithelial cells in the distal convoluted tubule,Na+/Cl- cotransporter in the membranes of epithelial cells in the distal convoluted tubule,2.0,2.0,Na+/Cl- cotransporter in the membranes of epithelial cells in the distal convoluted tubule,Na+/Cl- cotransporter in the membranes of epithelial cells in the distal convoluted tubule,False,False,C->C,
medqa::0449,medqa,roman_numeral,correctness,True,True,True,True,True,1.0,1.0,Recurrent laryngeal nerve injury,Recurrent laryngeal nerve injury,1.0,1.0,Recurrent laryngeal nerve injury,Recurrent laryngeal nerve injury,False,False,C->C,
medqa::0449,medqa,none_of_the_provided,adaptation,True,True,True,True,True,1.0,1.0,Recurrent laryngeal nerve injury,None of the provided options,1.0,1.0,Recurrent laryngeal nerve injury,None of the provided options,False,True,C->C,successful_adaptation
medqa::0449,medqa,fixed_pos,correctness,True,True,True,True,True,1.0,3.0,Recurrent laryngeal nerve injury,Recurrent laryngeal nerve injury,1.0,3.0,Recurrent laryngeal nerve injury,Recurrent laryngeal nerve injury,True,False,C->C,
medqa::0449,medqa,incorrect,inversion,True,True,True,True,True,1.0,1.0,Recurrent laryngeal nerve injury,Recurrent laryngeal nerve injury,1.0,,Recurrent laryngeal nerve injury,,False,False,C->C,successful_adaptation
medqa::0449,medqa,open,open_generation,True,True,True,True,True,1.0,,Recurrent laryngeal nerve injury,Recurrent laryngeal nerve injury,1.0,1.0,Recurrent laryngeal nerve injury,Recurrent laryngeal nerve injury,,False,C->C,
medqa::0449,medqa,no_symbols,correctness,True,True,True,True,True,1.0,1.0,Recurrent laryngeal nerve injury,Recurrent laryngeal nerve injury,1.0,1.0,Recurrent laryngeal nerve injury,Recurrent laryngeal nerve injury,False,False,C->C,
medqa::0478,medqa,roman_numeral,correctness,True,True,True,True,True,2.0,2.0,Shellfish,Shellfish,2.0,2.0,Shellfish,Shellfish,False,False,C->C,
medqa::0478,medqa,none_of_the_provided,adaptation,True,True,True,True,True,2.0,2.0,Shellfish,None of the provided options,2.0,2.0,Shellfish,None of the provided options,False,True,C->C,successful_adaptation
medqa::0478,medqa,fixed_pos,correctness,True,True,True,True,True,2.0,3.0,Shellfish,Shellfish,2.0,3.0,Shellfish,Shellfish,True,False,C->C,
medqa::0478,medqa,incorrect,inversion,True,True,True,True,True,2.0,2.0,Shellfish,Shellfish,2.0,,Shellfish,,False,False,C->C,successful_adaptation
medqa::0478,medqa,open,open_generation,True,False,False,True,,2.0,,Shellfish,,2.0,2.0,Shellfish,Shellfish,,,,
medqa::0478,medqa,no_symbols,correctness,True,True,True,True,True,2.0,2.0,Shellfish,Shellfish,2.0,2.0,Shellfish,Shellfish,False,False,C->C,
medqa::0752,medqa,roman_numeral,correctness,True,True,True,True,True,2.0,2.0,Filgrastim,Filgrastim,2.0,2.0,Filgrastim,Filgrastim,False,False,C->C,
medqa::0752,medqa,none_of_the_provided,adaptation,True,True,True,True,True,2.0,2.0,Filgrastim,None of the provided options,2.0,2.0,Filgrastim,None of the provided options,False,True,C->C,successful_adaptation
medqa::0752,medqa,fixed_pos,correctness,True,True,True,True,True,2.0,3.0,Filgrastim,Filgrastim,2.0,3.0,Filgrastim,Filgrastim,True,False,C->C,
medqa::0752,medqa,incorrect,inversion,True,True,True,True,True,2.0,2.0,Filgrastim,Filgrastim,2.0,,Filgrastim,,False,False,C->C,successful_adaptation
medqa::0752,medqa,open,open_generation,True,True,True,True,True,2.0,,Filgrastim,Filgrastim,2.0,2.0,Filgrastim,Filgrastim,,False,C->C,
medqa::0752,medqa,no_symbols,correctness,True,True,True,True,True,2.0,2.0,Filgrastim,Filgrastim,2.0,2.0,Filgrastim,Filgrastim,False,False,C->C,
medqa::0759,medqa,roman_numeral,correctness,True,True,True,True,True,2.0,2.0,Sargramostim,Sargramostim,2.0,2.0,Sargramostim,Sargramostim,False,False,C->C,
medqa::0759,medqa,none_of_the_provided,adaptation,True,True,True,True,True,2.0,2.0,Sargramostim,None of the provided options,2.0,2.0,Sargramostim,None of the provided options,False,True,C->C,successful_adaptation
medqa::0759,medqa,fixed_pos,correctness,True,True,True,True,True,2.0,3.0,Sargramostim,Sargramostim,2.0,3.0,Sargramostim,Sargramostim,True,False,C->C,
medqa::0759,medqa,incorrect,inversion,True,True,True,True,True,2.0,2.0,Sargramostim,Sargramostim,2.0,,Sargramostim,,False,False,C->C,successful_adaptation
medqa::0759,medqa,open,open_generation,True,True,True,True,True,2.0,,Sargramostim,Sargramostim,2.0,2.0,Sargramostim,Sargramostim,,False,C->C,
medqa::0759,medqa,no_symbols,correctness,True,True,True,True,True,2.0,2.0,Sargramostim,Sargramostim,2.0,2.0,Sargramostim,Sargramostim,False,False,C->C,
medqa::0789,medqa,roman_numeral,correctness,True,True,True,True,True,2.0,2.0,Prolonged QT interval,Prolonged QT interval,2.0,2.0,Prolonged QT interval,Prolonged QT interval,False,False,C->C,
medqa::0789,medqa,none_of_the_provided,adaptation,True,True,True,True,False,2.0,0.0,Prolonged QT interval,Hypomagnesemia,2.0,2.0,Prolonged QT interval,None of the provided options,True,True,C->W,failure_to_adapt_chose_distractor
medqa::0789,medqa,fixed_pos,correctness,True,True,True,True,True,2.0,3.0,Prolonged QT interval,Prolonged QT interval,2.0,3.0,Prolonged QT interval,Prolonged QT interval,True,False,C->C,
medqa::0789,medqa,incorrect,inversion,True,True,True,True,True,2.0,2.0,Prolonged QT interval,Prolonged QT interval,2.0,,Prolonged QT interval,,False,False,C->C,successful_adaptation
medqa::0789,medqa,open,open_generation,True,False,False,True,,2.0,,Prolonged QT interval,,2.0,2.0,Prolonged QT interval,Prolonged QT interval,,,,
medqa::0789,medqa,no_symbols,correctness,True,True,True,True,True,2.0,2.0,Prolonged QT interval,Prolonged QT interval,2.0,2.0,Prolonged QT interval,Prolonged QT interval,False,False,C->C,
medqa::0940,medqa,roman_numeral,correctness,True,True,True,True,True,0.0,0.0,Increase in capillary pressure,Increase in capillary pressure,0.0,0.0,Increase in capillary pressure,Increase in capillary pressure,False,False,C->C,
medqa::0940,medqa,none_of_the_provided,adaptation,True,True,True,True,True,0.0,0.0,Increase in capillary pressure,None of the provided options,0.0,0.0,Increase in capillary pressure,None of the provided options,False,True,C->C,successful_adaptation
medqa::0940,medqa,fixed_pos,correctness,True,True,True,True,True,0.0,3.0,Increase in capillary pressure,Increase in capillary pressure,0.0,3.0,Increase in capillary pressure,Increase in capillary pressure,True,False,C->C,
medqa::0940,medqa,incorrect,inversion,True,True,True,True,True,0.0,0.0,Increase in capillary pressure,Increase in capillary pressure,0.0,,Increase in capillary pressure,,False,False,C->C,successful_adaptation
medqa::0940,medqa,open,open_generation,True,False,False,True,,0.0,,Increase in capillary pressure,,0.0,0.0,Increase in capillary pressure,Increase in capillary pressure,,,,
medqa::0940,medqa,no_symbols,correctness,True,True,True,True,True,0.0,0.0,Increase in capillary pressure,Increase in capillary pressure,0.0,0.0,Increase in capillary pressure,Increase in capillary pressure,False,False,C->C,
medqa::1112,medqa,roman_numeral,correctness,True,True,True,True,True,2.0,2.0,Avoidant personality disorder,Avoidant personality disorder,2.0,2.0,Avoidant personality disorder,Avoidant personality disorder,False,False,C->C,
medqa::1112,medqa,none_of_the_provided,adaptation,True,True,True,True,True,2.0,2.0,Avoidant personality disorder,None of the provided options,2.0,2.0,Avoidant personality disorder,None of the provided options,False,True,C->C,successful_adaptation
medqa::1112,medqa,fixed_pos,correctness,True,True,True,True,True,2.0,3.0,Avoidant personality disorder,Avoidant personality disorder,2.0,3.0,Avoidant personality disorder,Avoidant personality disorder,True,False,C->C,
medqa::1112,medqa,incorrect,inversion,True,True,True,True,True,2.0,2.0,Avoidant personality disorder,Avoidant personality disorder,2.0,,Avoidant personality disorder,,False,False,C->C,successful_adaptation
medqa::1112,medqa,open,open_generation,True,True,True,True,True,2.0,,Avoidant personality disorder,Avoidant personality disorder,2.0,2.0,Avoidant personality disorder,Avoidant personality disorder,,False,C->C,
medqa::1112,medqa,no_symbols,correctness,True,True,True,True,True,2.0,2.0,Avoidant personality disorder,Avoidant personality disorder,2.0,2.0,Avoidant personality disorder,Avoidant personality disorder,False,False,C->C,
medqa::1144,medqa,roman_numeral,correctness,True,True,True,True,True,2.0,2.0,High TSH,High TSH,2.0,2.0,High TSH,High TSH,False,False,C->C,
medqa::1144,medqa,none_of_the_provided,adaptation,True,True,True,True,False,2.0,1.0,High TSH,Low T4 and T3,2.0,2.0,High TSH,None of the provided options,True,True,C->W,failure_to_adapt_chose_distractor
medqa::1144,medqa,fixed_pos,correctness,True,True,True,True,True,2.0,3.0,High TSH,High TSH,2.0,3.0,High TSH,High TSH,True,False,C->C,
medqa::1144,medqa,incorrect,inversion,True,True,True,True,True,2.0,2.0,High TSH,High TSH,2.0,,High TSH,,False,False,C->C,successful_adaptation
medqa::1144,medqa,open,open_generation,True,False,False,True,,2.0,,High TSH,,2.0,2.0,High TSH,High TSH,,,,
medqa::1144,medqa,no_symbols,correctness,True,True,True,True,True,2.0,2.0,High TSH,High TSH,2.0,2.0,High TSH,High TSH,False,False,C->C,
medqa::1250,medqa,roman_numeral,correctness,True,True,True,True,True,0.0,0.0,Efavirenz,Efavirenz,0.0,0.0,Efavirenz,Efavirenz,False,False,C->C,
medqa::1250,medqa,none_of_the_provided,adaptation,True,True,True,True,True,0.0,0.0,Efavirenz,None of the provided options,0.0,0.0,Efavirenz,None of the provided options,False,True,C->C,successful_adaptation
medqa::1250,medqa,fixed_pos,correctness,True,True,True,True,True,0.0,3.0,Efavirenz,Efavirenz,0.0,3.0,Efavirenz,Efavirenz,True,False,C->C,
medqa::1250,medqa,incorrect,inversion,True,True,True,True,True,0.0,0.0,Efavirenz,Efavirenz,0.0,,Efavirenz,,False,False,C->C,successful_adaptation
medqa::1250,medqa,open,open_generation,True,True,True,True,True,0.0,,Efavirenz,Efavirenz,0.0,0.0,Efavirenz,Efavirenz,,False,C->C,
medqa::1250,medqa,no_symbols,correctness,True,True,True,True,True,0.0,0.0,Efavirenz,Efavirenz,0.0,0.0,Efavirenz,Efavirenz,False,False,C->C,
mmlu::anatomy-023,mmlu,roman_numeral,correctness,True,True,True,False,False,2.0,2.0,mesoderm formation and occurs before neurulation.,mesoderm formation and occurs before neurulation.,1.0,1.0,ectomesenchyme formation and occurs before neurulation.,ectomesenchyme formation and occurs before neurulation.,False,False,W->W,
mmlu::anatomy-023,mmlu,none_of_the_provided,adaptation,True,True,True,False,False,2.0,2.0,mesoderm formation and occurs before neurulation.,mesoderm formation and occurs before neurulation.,1.0,1.0,ectomesenchyme formation and occurs before neurulation.,None of the provided options,False,False,W->W,failure_to_adapt_kept_same_distractor
mmlu::anatomy-023,mmlu,fixed_pos,correctness,True,True,True,False,False,2.0,2.0,mesoderm formation and occurs before neurulation.,mesoderm formation and occurs before neurulation.,1.0,3.0,ectomesenchyme formation and occurs before neurulation.,ectomesenchyme formation and occurs before neurulation.,False,False,W->W,
mmlu::anatomy-023,mmlu,incorrect,inversion,True,True,True,False,False,2.0,2.0,mesoderm formation and occurs before neurulation.,mesoderm formation and occurs before neurulation.,1.0,,ectomesenchyme formation and occurs before neurulation.,,False,False,W->W,failure_to_adapt_included_gold
mmlu::anatomy-023,mmlu,open,open_generation,True,False,False,False,,2.0,,mesoderm formation and occurs before neurulation.,,1.0,1.0,ectomesenchyme formation and occurs before neurulation.,ectomesenchyme formation and occurs before neurulation.,,,,
mmlu::anatomy-023,mmlu,no_symbols,correctness,True,True,True,False,False,2.0,2.0,mesoderm formation and occurs before neurulation.,mesoderm formation and occurs before neurulation.,1.0,1.0,ectomesenchyme formation and occurs before neurulation.,ectomesenchyme formation and occurs before neurulation.,False,False,W->W,
mmlu::anatomy-087,mmlu,roman_numeral,correctness,True,True,True,True,True,2.0,2.0,muscles of the lower lip.,muscles of the lower lip.,2.0,2.0,muscles of the lower lip.,muscles of the lower lip.,False,False,C->C,
mmlu::anatomy-087,mmlu,none_of_the_provided,adaptation,True,True,True,True,True,2.0,2.0,muscles of the lower lip.,None of the provided options,2.0,2.0,muscles of the lower lip.,None of the provided options,False,True,C->C,successful_adaptation
mmlu::anatomy-087,mmlu,fixed_pos,correctness,True,True,True,True,True,2.0,3.0,muscles of the lower lip.,muscles of the lower lip.,2.0,3.0,muscles of the lower lip.,muscles of the lower lip.,True,False,C->C,
mmlu::anatomy-087,mmlu,incorrect,inversion,True,True,True,True,True,2.0,2.0,muscles of the lower lip.,muscles of the lower lip.,2.0,,muscles of the lower lip.,,False,False,C->C,successful_adaptation
mmlu::anatomy-087,mmlu,open,open_generation,True,False,False,True,,2.0,,muscles of the lower lip.,,2.0,2.0,muscles of the lower lip.,muscles of the lower lip.,,,,
mmlu::anatomy-087,mmlu,no_symbols,correctness,True,True,True,True,True,2.0,2.0,muscles of the lower lip.,muscles of the lower lip.,2.0,2.0,muscles of the lower lip.,muscles of the lower lip.,False,False,C->C,
mmlu::anatomy-094,mmlu,roman_numeral,correctness,True,True,True,True,True,0.0,0.0,Left lateral pterygoid muscle,Left lateral pterygoid muscle,0.0,0.0,Left lateral pterygoid muscle,Left lateral pterygoid muscle,False,False,C->C,
mmlu::anatomy-094,mmlu,none_of_the_provided,adaptation,True,True,True,True,True,0.0,0.0,Left lateral pterygoid muscle,None of the provided options,0.0,0.0,Left lateral pterygoid muscle,None of the provided options,False,True,C->C,successful_adaptation
mmlu::anatomy-094,mmlu,fixed_pos,correctness,True,True,True,True,True,0.0,3.0,Left lateral pterygoid muscle,Left lateral pterygoid muscle,0.0,3.0,Left lateral pterygoid muscle,Left lateral pterygoid muscle,True,False,C->C,
mmlu::anatomy-094,mmlu,incorrect,inversion,True,True,True,True,True,0.0,0.0,Left lateral pterygoid muscle,Left lateral pterygoid muscle,0.0,,Left lateral pterygoid muscle,,False,False,C->C,successful_adaptation
mmlu::anatomy-094,mmlu,open,open_generation,True,True,True,True,True,0.0,,Left lateral pterygoid muscle,Left lateral pterygoid muscle,0.0,0.0,Left lateral pterygoid muscle,Left lateral pterygoid muscle,,False,C->C,
mmlu::anatomy-094,mmlu,no_symbols,correctness,True,True,True,True,True,0.0,0.0,Left lateral pterygoid muscle,Left lateral pterygoid muscle,0.0,0.0,Left lateral pterygoid muscle,Left lateral pterygoid muscle,False,False,C->C,
mmlu::clinical_knowledge-062,mmlu,roman_numeral,correctness,True,True,True,True,True,2.0,2.0,Leakage of effluent onto peristomal skin.,Leakage of effluent onto peristomal skin.,2.0,2.0,Leakage of effluent onto peristomal skin.,Leakage of effluent onto peristomal skin.,False,False,C->C,
mmlu::clinical_knowledge-062,mmlu,none_of_the_provided,adaptation,True,True,True,True,False,2.0,1.0,Leakage of effluent onto peristomal skin.,Changing the pouch every day.,2.0,2.0,Leakage of effluent onto peristomal skin.,None of the provided options,True,True,C->W,failure_to_adapt_chose_distractor
mmlu::clinical_knowledge-062,mmlu,fixed_pos,correctness,True,True,True,True,True,2.0,3.0,Leakage of effluent onto peristomal skin.,Leakage of effluent onto peristomal skin.,2.0,3.0,Leakage of effluent onto peristomal skin.,Leakage of effluent onto peristomal skin.,True,False,C->C,
mmlu::clinical_knowledge-062,mmlu,incorrect,inversion,True,True,True,True,True,2.0,2.0,Leakage of effluent onto peristomal skin.,Leakage of effluent onto peristomal skin.,2.0,,Leakage of effluent onto peristomal skin.,,False,False,C->C,successful_adaptation
mmlu::clinical_knowledge-062,mmlu,open,open_generation,True,False,False,True,,2.0,,Leakage of effluent onto peristomal skin.,,2.0,2.0,Leakage of effluent onto peristomal skin.,Leakage of effluent onto peristomal skin.,,,,
mmlu::clinical_knowledge-062,mmlu,no_symbols,correctness,True,True,True,True,True,2.0,2.0,Leakage of effluent onto peristomal skin.,Leakage of effluent onto peristomal skin.,2.0,2.0,Leakage of effluent onto peristomal skin.,Leakage of effluent onto peristomal skin.,False,False,C->C,
mmlu::clinical_knowledge-174,mmlu,roman_numeral,correctness,True,True,True,True,True,0.0,0.0,"mRNA, tRNA and ribosomes.","mRNA, tRNA and ribosomes.",0.0,0.0,"mRNA, tRNA and ribosomes.","mRNA, tRNA and ribosomes.",False,False,C->C,
mmlu::clinical_knowledge-174,mmlu,none_of_the_provided,adaptation,True,True,True,True,True,0.0,0.0,"mRNA, tRNA and ribosomes.",None of the provided options,0.0,0.0,"mRNA, tRNA and ribosomes.",None of the provided options,False,True,C->C,successful_adaptation
mmlu::clinical_knowledge-174,mmlu,fixed_pos,correctness,True,True,True,True,True,0.0,3.0,"mRNA, tRNA and ribosomes.","mRNA, tRNA and ribosomes.",0.0,3.0,"mRNA, tRNA and ribosomes.","mRNA, tRNA and ribosomes.",True,False,C->C,
mmlu::clinical_knowledge-174,mmlu,incorrect,inversion,True,True,True,True,True,0.0,0.0,"mRNA, tRNA and ribosomes.","mRNA, tRNA and ribosomes.",0.0,,"mRNA, tRNA and ribosomes.",,False,False,C->C,successful_adaptation
mmlu::clinical_knowledge-174,mmlu,open,open_generation,True,False,False,True,,0.0,,"mRNA, tRNA and ribosomes.",,0.0,0.0,"mRNA, tRNA and ribosomes.","mRNA, tRNA and ribosomes.",,,,
mmlu::clinical_knowledge-174,mmlu,no_symbols,correctness,True,True,True,True,True,0.0,0.0,"mRNA, tRNA and ribosomes.","mRNA, tRNA and ribosomes.",0.0,0.0,"mRNA, tRNA and ribosomes.","mRNA, tRNA and ribosomes.",False,False,C->C,
mmlu::clinical_knowledge-261,mmlu,roman_numeral,correctness,True,True,True,True,True,1.0,1.0,anaerobic energy production.,anaerobic energy production.,1.0,1.0,anaerobic energy production.,anaerobic energy production.,False,False,C->C,
mmlu::clinical_knowledge-261,mmlu,none_of_the_provided,adaptation,True,True,True,True,True,1.0,1.0,anaerobic energy production.,None of the provided options,1.0,1.0,anaerobic energy production.,None of the provided options,False,True,C->C,successful_adaptation
mmlu::clinical_knowledge-261,mmlu,fixed_pos,correctness,True,True,True,True,True,1.0,3.0,anaerobic energy production.,anaerobic energy production.,1.0,3.0,anaerobic energy production.,anaerobic energy production.,True,False,C->C,
mmlu::clinical_knowledge-261,mmlu,incorrect,inversion,True,True,True,True,True,1.0,1.0,anaerobic energy production.,anaerobic energy production.,1.0,,anaerobic energy production.,,False,False,C->C,successful_adaptation
mmlu::clinical_knowledge-261,mmlu,open,open_generation,True,False,False,True,,1.0,,anaerobic energy production.,,1.0,1.0,anaerobic energy production.,anaerobic energy production.,,,,
mmlu::clinical_knowledge-261,mmlu,no_symbols,correctness,True,True,True,True,True,1.0,1.0,anaerobic energy production.,anaerobic energy production.,1.0,1.0,anaerobic energy production.,anaerobic energy production.,False,False,C->C,
mmlu::college_biology-015,mmlu,roman_numeral,correctness,True,True,True,True,True,2.0,2.0,cortical reaction,cortical reaction,2.0,2.0,cortical reaction,cortical reaction,False,False,C->C,
mmlu::college_biology-015,mmlu,none_of_the_provided,adaptation,True,True,True,True,True,2.0,2.0,cortical reaction,None of the provided options,2.0,2.0,cortical reaction,None of the provided options,False,True,C->C,successful_adaptation
mmlu::college_biology-015,mmlu,fixed_pos,correctness,True,True,True,True,True,2.0,3.0,cortical reaction,cortical reaction,2.0,3.0,cortical reaction,cortical reaction,True,False,C->C,
mmlu::college_biology-015,mmlu,incorrect,inversion,True,True,True,True,True,2.0,2.0,cortical reaction,cortical reaction,2.0,,cortical reaction,,False,False,C->C,successful_adaptation
mmlu::college_biology-015,mmlu,open,open_generation,True,True,True,True,True,2.0,,cortical reaction,cortical reaction,2.0,2.0,cortical reaction,cortical reaction,,False,C->C,
mmlu::college_biology-015,mmlu,no_symbols,correctness,True,True,True,True,True,2.0,2.0,cortical reaction,cortical reaction,2.0,2.0,cortical reaction,cortical reaction,False,False,C->C,
mmlu::college_biology-071,mmlu,roman_numeral,correctness,True,True,True,True,True,2.0,2.0,gap junction,gap junction,2.0,2.0,gap junction,gap junction,False,False,C->C,
mmlu::college_biology-071,mmlu,none_of_the_provided,adaptation,True,True,True,True,True,2.0,2.0,gap junction,None of the provided options,2.0,2.0,gap junction,None of the provided options,False,True,C->C,successful_adaptation
mmlu::college_biology-071,mmlu,fixed_pos,correctness,True,True,True,True,True,2.0,3.0,gap junction,gap junction,2.0,3.0,gap junction,gap junction,True,False,C->C,
mmlu::college_biology-071,mmlu,incorrect,inversion,True,True,True,True,True,2.0,2.0,gap junction,gap junction,2.0,,gap junction,,False,False,C->C,successful_adaptation
mmlu::college_biology-071,mmlu,open,open_generation,True,True,True,True,True,2.0,,gap junction,gap junction,2.0,2.0,gap junction,gap junction,,False,C->C,
mmlu::college_biology-071,mmlu,no_symbols,correctness,True,True,True,True,True,2.0,2.0,gap junction,gap junction,2.0,2.0,gap junction,gap junction,False,False,C->C,
mmlu::college_medicine-091,mmlu,roman_numeral,correctness,True,True,True,True,True,0.0,0.0,Peptide bonds,Peptide bonds,0.0,0.0,Peptide bonds,Peptide bonds,False,False,C->C,
mmlu::college_medicine-091,mmlu,none_of_the_provided,adaptation,True,True,True,True,True,0.0,0.0,Peptide bonds,None of the provided options,0.0,0.0,Peptide bonds,None of the provided options,False,True,C->C,successful_adaptation
mmlu::college_medicine-091,mmlu,fixed_pos,correctness,True,True,True,True,True,0.0,3.0,Peptide bonds,Peptide bonds,0.0,3.0,Peptide bonds,Peptide bonds,True,False,C->C,
mmlu::college_medicine-091,mmlu,incorrect,inversion,True,True,True,True,True,0.0,0.0,Peptide bonds,Peptide bonds,0.0,,Peptide bonds,,False,False,C->C,successful_adaptation
mmlu::college_medicine-091,mmlu,open,open_generation,True,False,False,True,,0.0,,Peptide bonds,,0.0,0.0,Peptide bonds,Peptide bonds,,,,
mmlu::college_medicine-091,mmlu,no_symbols,correctness,True,True,True,True,True,0.0,0.0,Peptide bonds,Peptide bonds,0.0,0.0,Peptide bonds,Peptide bonds,False,False,C->C,
mmlu::college_medicine-154,mmlu,roman_numeral,correctness,True,True,True,True,True,3.0,3.0,the cytoplasm.,the cytoplasm.,3.0,3.0,the cytoplasm.,the cytoplasm.,False,False,C->C,
mmlu::college_medicine-154,mmlu,none_of_the_provided,adaptation,True,True,True,True,True,3.0,3.0,the cytoplasm.,None of the provided options,3.0,3.0,the cytoplasm.,None of the provided options,False,True,C->C,successful_adaptation
mmlu::college_medicine-154,mmlu,fixed_pos,correctness,True,True,True,True,True,3.0,3.0,the cytoplasm.,the cytoplasm.,3.0,3.0,the cytoplasm.,the cytoplasm.,False,False,C->C,
mmlu::college_medicine-154,mmlu,incorrect,inversion,True,True,True,True,True,3.0,3.0,the cytoplasm.,the cytoplasm.,3.0,,the cytoplasm.,,False,False,C->C,successful_adaptation
mmlu::college_medicine-154,mmlu,open,open_generation,True,True,True,True,True,3.0,,the cytoplasm.,the cytoplasm.,3.0,3.0,the cytoplasm.,the cytoplasm.,,False,C->C,
mmlu::college_medicine-154,mmlu,no_symbols,correctness,True,True,True,True,True,3.0,3.0,the cytoplasm.,the cytoplasm.,3.0,3.0,the cytoplasm.,the cytoplasm.,False,False,C->C,
mmlu::medical_genetics-063,mmlu,roman_numeral,correctness,True,True,True,True,True,2.0,2.0,a bacterial chromosome with the F factor inserted,a bacterial chromosome with the F factor inserted,2.0,2.0,a bacterial chromosome with the F factor inserted,a bacterial chromosome with the F factor inserted,False,False,C->C,
mmlu::medical_genetics-063,mmlu,none_of_the_provided,adaptation,True,True,True,True,True,2.0,2.0,a bacterial chromosome with the F factor inserted,None of the provided options,2.0,2.0,a bacterial chromosome with the F factor inserted,None of the provided options,False,True,C->C,successful_adaptation
mmlu::medical_genetics-063,mmlu,fixed_pos,correctness,True,True,True,True,True,2.0,3.0,a bacterial chromosome with the F factor inserted,a bacterial chromosome with the F factor inserted,2.0,3.0,a bacterial chromosome with the F factor inserted,a bacterial chromosome with the F factor inserted,True,False,C->C,
mmlu::medical_genetics-063,mmlu,incorrect,inversion,True,True,True,True,True,2.0,2.0,a bacterial chromosome with the F factor inserted,a bacterial chromosome with the F factor inserted,2.0,,a bacterial chromosome with the F factor inserted,,False,False,C->C,successful_adaptation
mmlu::medical_genetics-063,mmlu,open,open_generation,True,False,False,True,,2.0,,a bacterial chromosome with the F factor inserted,,2.0,2.0,a bacterial chromosome with the F factor inserted,a bacterial chromosome with the F factor inserted,,,,
mmlu::medical_genetics-063,mmlu,no_symbols,correctness,True,True,True,True,True,2.0,2.0,a bacterial chromosome with the F factor inserted,a bacterial chromosome with the F factor inserted,2.0,2.0,a bacterial chromosome with the F factor inserted,a bacterial chromosome with the F factor inserted,False,False,C->C,
mmlu::professional_medicine-148,mmlu,roman_numeral,correctness,True,True,True,True,True,3.0,3.0,Microscopic examination of the stool,Microscopic examination of the stool,3.0,3.0,Microscopic examination of the stool,Microscopic examination of the stool,False,False,C->C,
mmlu::professional_medicine-148,mmlu,none_of_the_provided,adaptation,True,True,True,True,True,3.0,3.0,Microscopic examination of the stool,None of the provided options,3.0,3.0,Microscopic examination of the stool,None of the provided options,False,True,C->C,successful_adaptation
mmlu::professional_medicine-148,mmlu,fixed_pos,correctness,True,True,True,True,True,3.0,3.0,Microscopic examination of the stool,Microscopic examination of the stool,3.0,3.0,Microscopic examination of the stool,Microscopic examination of the stool,False,False,C->C,
mmlu::professional_medicine-148,mmlu,incorrect,inversion,True,True,True,True,True,3.0,3.0,Microscopic examination of the stool,Microscopic examination of the stool,3.0,,Microscopic examination of the stool,,False,False,C->C,successful_adaptation
mmlu::professional_medicine-148,mmlu,open,open_generation,True,False,False,True,,3.0,,Microscopic examination of the stool,,3.0,3.0,Microscopic examination of the stool,Microscopic examination of the stool,,,,
mmlu::professional_medicine-148,mmlu,no_symbols,correctness,True,True,True,True,True,3.0,3.0,Microscopic examination of the stool,Microscopic examination of the stool,3.0,3.0,Microscopic examination of the stool,Microscopic examination of the stool,False,False,C->C,
mmlu::professional_medicine-153,mmlu,roman_numeral,correctness,True,True,True,True,True,3.0,3.0,Systemic sclerosis (scleroderma),Systemic sclerosis (scleroderma),3.0,3.0,Systemic sclerosis (scleroderma),Systemic sclerosis (scleroderma),False,False,C->C,
mmlu::professional_medicine-153,mmlu,none_of_the_provided,adaptation,True,True,True,True,True,3.0,3.0,Systemic sclerosis (scleroderma),None of the provided options,3.0,3.0,Systemic sclerosis (scleroderma),None of the provided options,False,True,C->C,successful_adaptation
mmlu::professional_medicine-153,mmlu,fixed_pos,correctness,True,True,True,True,True,3.0,3.0,Systemic sclerosis (scleroderma),Systemic sclerosis (scleroderma),3.0,3.0,Systemic sclerosis (scleroderma),Systemic sclerosis (scleroderma),False,False,C->C,
mmlu::professional_medicine-153,mmlu,incorrect,inversion,True,True,True,True,True,3.0,3.0,Systemic sclerosis (scleroderma),Systemic sclerosis (scleroderma),3.0,,Systemic sclerosis (scleroderma),,False,False,C->C,successful_adaptation
mmlu::professional_medicine-153,mmlu,open,open_generation,True,False,False,True,,3.0,,Systemic sclerosis (scleroderma),,3.0,3.0,Systemic sclerosis (scleroderma),Systemic sclerosis (scleroderma),,,,
mmlu::professional_medicine-153,mmlu,no_symbols,correctness,True,True,True,True,True,3.0,3.0,Systemic sclerosis (scleroderma),Systemic sclerosis (scleroderma),3.0,3.0,Systemic sclerosis (scleroderma),Systemic sclerosis (scleroderma),False,False,C->C,
mmlu::professional_medicine-206,mmlu,roman_numeral,correctness,True,True,True,True,True,3.0,3.0,Begin ganciclovir therapy,Begin ganciclovir therapy,3.0,3.0,Begin ganciclovir therapy,Begin ganciclovir therapy,False,False,C->C,
mmlu::professional_medicine-206,mmlu,none_of_the_provided,adaptation,True,True,True,True,True,3.0,3.0,Begin ganciclovir therapy,None of the provided options,3.0,3.0,Begin ganciclovir therapy,None of the provided options,False,True,C->C,successful_adaptation
mmlu::professional_medicine-206,mmlu,fixed_pos,correctness,True,True,True,True,True,3.0,3.0,Begin ganciclovir therapy,Begin ganciclovir therapy,3.0,3.0,Begin ganciclovir therapy,Begin ganciclovir therapy,False,False,C->C,
mmlu::professional_medicine-206,mmlu,incorrect,inversion,True,True,True,True,True,3.0,3.0,Begin ganciclovir therapy,Begin ganciclovir therapy,3.0,,Begin ganciclovir therapy,,False,False,C->C,successful_adaptation
mmlu::professional_medicine-206,mmlu,open,open_generation,True,False,False,True,,3.0,,Begin ganciclovir therapy,,3.0,3.0,Begin ganciclovir therapy,Begin ganciclovir therapy,,,,
mmlu::professional_medicine-206,mmlu,no_symbols,correctness,True,True,True,True,True,3.0,3.0,Begin ganciclovir therapy,Begin ganciclovir therapy,3.0,3.0,Begin ganciclovir therapy,Begin ganciclovir therapy,False,False,C->C,
