question_id,source_dataset,condition,category,question_text_changed,option_count,option_labels,option_order_same_as_mcq,option_set_same_as_mcq,gold_label,gold_text,gold_index,gold_content_changed,gold_position_changed,task_objective_changed,observed_display,observed_response_format,duplicate_option_texts,expectation_met,contradictions
medqa::0014,medqa,mcq,baseline,False,4,A|B|C|D,True,True,"""C""",Rotavirus,2.0,False,False,False,labeled,letter_label,False,True,
medqa::0014,medqa,roman_numeral,presentation / answer-label transformation,False,4,I|II|III|IV,True,True,"""III""",Rotavirus,2.0,False,False,False,labeled,roman_label,False,True,
medqa::0014,medqa,none_of_the_provided,answer-set / decision-boundary transformation,False,4,A|B|C|D,False,False,"""C""",None of the provided options,2.0,True,False,False,labeled,letter_label,False,True,
medqa::0014,medqa,fixed_pos,answer-position diagnostic,False,4,A|B|C|D,False,True,"""D""",Rotavirus,3.0,False,True,False,labeled,letter_label,False,True,
medqa::0014,medqa,incorrect,task/instruction inversion,False,4,A|B|C|D,True,True,"[""A"", ""B"", ""D""]",,,False,False,True,labeled,label_set,False,True,
medqa::0014,medqa,open,response-space / MCQ-to-generation transformation,True,4,,True,True,null,Rotavirus,2.0,False,,False,none,text,False,True,
medqa::0014,medqa,no_symbols,output-interface / answer-format transformation,False,4,,True,True,null,Rotavirus,2.0,False,False,False,bullets,text,False,True,
medmcqa::0fc0b4ce-9bfd-48a2-920d-88c67e2c4e9c,medmcqa,mcq,baseline,False,4,A|B|C|D,True,True,"""C""",Sagittal sinus thrombosis,2.0,False,False,False,labeled,letter_label,False,True,
medmcqa::0fc0b4ce-9bfd-48a2-920d-88c67e2c4e9c,medmcqa,roman_numeral,presentation / answer-label transformation,False,4,I|II|III|IV,True,True,"""III""",Sagittal sinus thrombosis,2.0,False,False,False,labeled,roman_label,False,True,
medmcqa::0fc0b4ce-9bfd-48a2-920d-88c67e2c4e9c,medmcqa,none_of_the_provided,answer-set / decision-boundary transformation,False,4,A|B|C|D,False,False,"""C""",None of the provided options,2.0,True,False,False,labeled,letter_label,False,True,
medmcqa::0fc0b4ce-9bfd-48a2-920d-88c67e2c4e9c,medmcqa,fixed_pos,answer-position diagnostic,False,4,A|B|C|D,False,True,"""D""",Sagittal sinus thrombosis,3.0,False,True,False,labeled,letter_label,False,True,
medmcqa::0fc0b4ce-9bfd-48a2-920d-88c67e2c4e9c,medmcqa,incorrect,task/instruction inversion,False,4,A|B|C|D,True,True,"[""A"", ""B"", ""D""]",,,False,False,True,labeled,label_set,False,True,
medmcqa::0fc0b4ce-9bfd-48a2-920d-88c67e2c4e9c,medmcqa,open,response-space / MCQ-to-generation transformation,True,4,,True,True,null,Sagittal sinus thrombosis,2.0,False,,False,none,text,False,True,
medmcqa::0fc0b4ce-9bfd-48a2-920d-88c67e2c4e9c,medmcqa,no_symbols,output-interface / answer-format transformation,False,4,,True,True,null,Sagittal sinus thrombosis,2.0,False,False,False,bullets,text,False,True,
mmlu::anatomy-023,mmlu,mcq,baseline,False,4,A|B|C|D,True,True,"""B""",ectomesenchyme formation and occurs before neurulation.,1.0,False,False,False,labeled,letter_label,False,True,
mmlu::anatomy-023,mmlu,roman_numeral,presentation / answer-label transformation,False,4,I|II|III|IV,True,True,"""II""",ectomesenchyme formation and occurs before neurulation.,1.0,False,False,False,labeled,roman_label,False,True,
mmlu::anatomy-023,mmlu,none_of_the_provided,answer-set / decision-boundary transformation,False,4,A|B|C|D,False,False,"""B""",None of the provided options,1.0,True,False,False,labeled,letter_label,False,True,
mmlu::anatomy-023,mmlu,fixed_pos,answer-position diagnostic,False,4,A|B|C|D,False,True,"""D""",ectomesenchyme formation and occurs before neurulation.,3.0,False,True,False,labeled,letter_label,False,True,
mmlu::anatomy-023,mmlu,incorrect,task/instruction inversion,False,4,A|B|C|D,True,True,"[""A"", ""C"", ""D""]",,,False,False,True,labeled,label_set,False,True,
mmlu::anatomy-023,mmlu,open,response-space / MCQ-to-generation transformation,True,4,,True,True,null,ectomesenchyme formation and occurs before neurulation.,1.0,False,,False,none,text,False,True,
mmlu::anatomy-023,mmlu,no_symbols,output-interface / answer-format transformation,False,4,,True,True,null,ectomesenchyme formation and occurs before neurulation.,1.0,False,False,False,bullets,text,False,True,
medqa::0063,medqa,mcq,baseline,False,4,A|B|C|D,True,True,"""A""",Insert a ‘straight cath’ into the patient’s bladder,0.0,False,False,False,labeled,letter_label,False,True,
medqa::0063,medqa,roman_numeral,presentation / answer-label transformation,False,4,I|II|III|IV,True,True,"""I""",Insert a ‘straight cath’ into the patient’s bladder,0.0,False,False,False,labeled,roman_label,False,True,
medqa::0063,medqa,none_of_the_provided,answer-set / decision-boundary transformation,False,4,A|B|C|D,False,False,"""A""",None of the provided options,0.0,True,False,False,labeled,letter_label,False,True,
medqa::0063,medqa,fixed_pos,answer-position diagnostic,False,4,A|B|C|D,False,True,"""D""",Insert a ‘straight cath’ into the patient’s bladder,3.0,False,True,False,labeled,letter_label,False,True,
medqa::0063,medqa,incorrect,task/instruction inversion,False,4,A|B|C|D,True,True,"[""B"", ""C"", ""D""]",,,False,False,True,labeled,label_set,False,True,
medqa::0063,medqa,open,response-space / MCQ-to-generation transformation,False,4,,True,True,null,Insert a ‘straight cath’ into the patient’s bladder,0.0,False,,False,none,text,False,True,
medqa::0063,medqa,no_symbols,output-interface / answer-format transformation,False,4,,True,True,null,Insert a ‘straight cath’ into the patient’s bladder,0.0,False,False,False,bullets,text,False,True,
medmcqa::1f8a97a5-64cf-4635-a50a-e84ac5a0d7f1,medmcqa,mcq,baseline,False,4,A|B|C|D,True,True,"""C""",Intravenous fluids,2.0,False,False,False,labeled,letter_label,False,True,
medmcqa::1f8a97a5-64cf-4635-a50a-e84ac5a0d7f1,medmcqa,roman_numeral,presentation / answer-label transformation,False,4,I|II|III|IV,True,True,"""III""",Intravenous fluids,2.0,False,False,False,labeled,roman_label,False,True,
medmcqa::1f8a97a5-64cf-4635-a50a-e84ac5a0d7f1,medmcqa,none_of_the_provided,answer-set / decision-boundary transformation,False,4,A|B|C|D,False,False,"""C""",None of the provided options,2.0,True,False,False,labeled,letter_label,False,True,
medmcqa::1f8a97a5-64cf-4635-a50a-e84ac5a0d7f1,medmcqa,fixed_pos,answer-position diagnostic,False,4,A|B|C|D,False,True,"""D""",Intravenous fluids,3.0,False,True,False,labeled,letter_label,False,True,
medmcqa::1f8a97a5-64cf-4635-a50a-e84ac5a0d7f1,medmcqa,incorrect,task/instruction inversion,False,4,A|B|C|D,True,True,"[""A"", ""B"", ""D""]",,,False,False,True,labeled,label_set,False,True,
medmcqa::1f8a97a5-64cf-4635-a50a-e84ac5a0d7f1,medmcqa,open,response-space / MCQ-to-generation transformation,True,4,,True,True,null,Intravenous fluids,2.0,False,,False,none,text,False,True,
medmcqa::1f8a97a5-64cf-4635-a50a-e84ac5a0d7f1,medmcqa,no_symbols,output-interface / answer-format transformation,False,4,,True,True,null,Intravenous fluids,2.0,False,False,False,bullets,text,False,True,
mmlu::anatomy-087,mmlu,mcq,baseline,False,4,A|B|C|D,True,True,"""C""",muscles of the lower lip.,2.0,False,False,False,labeled,letter_label,False,True,
mmlu::anatomy-087,mmlu,roman_numeral,presentation / answer-label transformation,False,4,I|II|III|IV,True,True,"""III""",muscles of the lower lip.,2.0,False,False,False,labeled,roman_label,False,True,
mmlu::anatomy-087,mmlu,none_of_the_provided,answer-set / decision-boundary transformation,False,4,A|B|C|D,False,False,"""C""",None of the provided options,2.0,True,False,False,labeled,letter_label,False,True,
mmlu::anatomy-087,mmlu,fixed_pos,answer-position diagnostic,False,4,A|B|C|D,False,True,"""D""",muscles of the lower lip.,3.0,False,True,False,labeled,letter_label,False,True,
mmlu::anatomy-087,mmlu,incorrect,task/instruction inversion,False,4,A|B|C|D,True,True,"[""A"", ""B"", ""D""]",,,False,False,True,labeled,label_set,False,True,
mmlu::anatomy-087,mmlu,open,response-space / MCQ-to-generation transformation,True,4,,True,True,null,muscles of the lower lip.,2.0,False,,False,none,text,False,True,
mmlu::anatomy-087,mmlu,no_symbols,output-interface / answer-format transformation,False,4,,True,True,null,muscles of the lower lip.,2.0,False,False,False,bullets,text,False,True,
medqa::0067,medqa,mcq,baseline,False,4,A|B|C|D,True,True,"""B""",Transplacental passage of TSH receptor antibodies,1.0,False,False,False,labeled,letter_label,False,True,
medqa::0067,medqa,roman_numeral,presentation / answer-label transformation,False,4,I|II|III|IV,True,True,"""II""",Transplacental passage of TSH receptor antibodies,1.0,False,False,False,labeled,roman_label,False,True,
medqa::0067,medqa,none_of_the_provided,answer-set / decision-boundary transformation,False,4,A|B|C|D,False,False,"""B""",None of the provided options,1.0,True,False,False,labeled,letter_label,False,True,
medqa::0067,medqa,fixed_pos,answer-position diagnostic,False,4,A|B|C|D,False,True,"""D""",Transplacental passage of TSH receptor antibodies,3.0,False,True,False,labeled,letter_label,False,True,
medqa::0067,medqa,incorrect,task/instruction inversion,False,4,A|B|C|D,True,True,"[""A"", ""C"", ""D""]",,,False,False,True,labeled,label_set,False,True,
medqa::0067,medqa,open,response-space / MCQ-to-generation transformation,True,4,,True,True,null,Transplacental passage of TSH receptor antibodies,1.0,False,,False,none,text,False,True,
medqa::0067,medqa,no_symbols,output-interface / answer-format transformation,False,4,,True,True,null,Transplacental passage of TSH receptor antibodies,1.0,False,False,False,bullets,text,False,True,
medmcqa::20929b62-1d50-4e64-9370-8d4966ccb2ae,medmcqa,mcq,baseline,False,4,A|B|C|D,True,True,"""D""",Carotico-cavernous fistula,3.0,False,False,False,labeled,letter_label,False,True,
medmcqa::20929b62-1d50-4e64-9370-8d4966ccb2ae,medmcqa,roman_numeral,presentation / answer-label transformation,False,4,I|II|III|IV,True,True,"""IV""",Carotico-cavernous fistula,3.0,False,False,False,labeled,roman_label,False,True,
medmcqa::20929b62-1d50-4e64-9370-8d4966ccb2ae,medmcqa,none_of_the_provided,answer-set / decision-boundary transformation,False,4,A|B|C|D,False,False,"""D""",None of the provided options,3.0,True,False,False,labeled,letter_label,False,True,
medmcqa::20929b62-1d50-4e64-9370-8d4966ccb2ae,medmcqa,fixed_pos,answer-position diagnostic,False,4,A|B|C|D,True,True,"""D""",Carotico-cavernous fistula,3.0,False,False,False,labeled,letter_label,False,True,
medmcqa::20929b62-1d50-4e64-9370-8d4966ccb2ae,medmcqa,incorrect,task/instruction inversion,False,4,A|B|C|D,True,True,"[""A"", ""B"", ""C""]",,,False,False,True,labeled,label_set,False,True,
medmcqa::20929b62-1d50-4e64-9370-8d4966ccb2ae,medmcqa,open,response-space / MCQ-to-generation transformation,True,4,,True,True,null,Carotico-cavernous fistula,3.0,False,,False,none,text,False,True,
medmcqa::20929b62-1d50-4e64-9370-8d4966ccb2ae,medmcqa,no_symbols,output-interface / answer-format transformation,False,4,,True,True,null,Carotico-cavernous fistula,3.0,False,False,False,bullets,text,False,True,
mmlu::anatomy-094,mmlu,mcq,baseline,False,4,A|B|C|D,True,True,"""A""",Left lateral pterygoid muscle,0.0,False,False,False,labeled,letter_label,False,True,
mmlu::anatomy-094,mmlu,roman_numeral,presentation / answer-label transformation,False,4,I|II|III|IV,True,True,"""I""",Left lateral pterygoid muscle,0.0,False,False,False,labeled,roman_label,False,True,
mmlu::anatomy-094,mmlu,none_of_the_provided,answer-set / decision-boundary transformation,False,4,A|B|C|D,False,False,"""A""",None of the provided options,0.0,True,False,False,labeled,letter_label,False,True,
mmlu::anatomy-094,mmlu,fixed_pos,answer-position diagnostic,False,4,A|B|C|D,False,True,"""D""",Left lateral pterygoid muscle,3.0,False,True,False,labeled,letter_label,False,True,
mmlu::anatomy-094,mmlu,incorrect,task/instruction inversion,False,4,A|B|C|D,True,True,"[""B"", ""C"", ""D""]",,,False,False,True,labeled,label_set,False,True,
mmlu::anatomy-094,mmlu,open,response-space / MCQ-to-generation transformation,True,4,,True,True,null,Left lateral pterygoid muscle,0.0,False,,False,none,text,False,True,
mmlu::anatomy-094,mmlu,no_symbols,output-interface / answer-format transformation,False,4,,True,True,null,Left lateral pterygoid muscle,0.0,False,False,False,bullets,text,False,True,
medqa::0150,medqa,mcq,baseline,False,4,A|B|C|D,True,True,"""A""",Levofloxacin,0.0,False,False,False,labeled,letter_label,False,True,
medqa::0150,medqa,roman_numeral,presentation / answer-label transformation,False,4,I|II|III|IV,True,True,"""I""",Levofloxacin,0.0,False,False,False,labeled,roman_label,False,True,
medqa::0150,medqa,none_of_the_provided,answer-set / decision-boundary transformation,False,4,A|B|C|D,False,False,"""A""",None of the provided options,0.0,True,False,False,labeled,letter_label,False,True,
medqa::0150,medqa,fixed_pos,answer-position diagnostic,False,4,A|B|C|D,False,True,"""D""",Levofloxacin,3.0,False,True,False,labeled,letter_label,False,True,
medqa::0150,medqa,incorrect,task/instruction inversion,False,4,A|B|C|D,True,True,"[""B"", ""C"", ""D""]",,,False,False,True,labeled,label_set,False,True,
medqa::0150,medqa,open,response-space / MCQ-to-generation transformation,True,4,,True,True,null,Levofloxacin,0.0,False,,False,none,text,False,True,
medqa::0150,medqa,no_symbols,output-interface / answer-format transformation,False,4,,True,True,null,Levofloxacin,0.0,False,False,False,bullets,text,False,True,
medmcqa::26f30f24-dcd8-453d-8553-9ee82ad496e1,medmcqa,mcq,baseline,False,4,A|B|C|D,True,True,"""A""",Gerstmann's syndrome,0.0,False,False,False,labeled,letter_label,False,True,
medmcqa::26f30f24-dcd8-453d-8553-9ee82ad496e1,medmcqa,roman_numeral,presentation / answer-label transformation,False,4,I|II|III|IV,True,True,"""I""",Gerstmann's syndrome,0.0,False,False,False,labeled,roman_label,False,True,
medmcqa::26f30f24-dcd8-453d-8553-9ee82ad496e1,medmcqa,none_of_the_provided,answer-set / decision-boundary transformation,False,4,A|B|C|D,False,False,"""A""",None of the provided options,0.0,True,False,False,labeled,letter_label,False,True,
medmcqa::26f30f24-dcd8-453d-8553-9ee82ad496e1,medmcqa,fixed_pos,answer-position diagnostic,False,4,A|B|C|D,False,True,"""D""",Gerstmann's syndrome,3.0,False,True,False,labeled,letter_label,False,True,
medmcqa::26f30f24-dcd8-453d-8553-9ee82ad496e1,medmcqa,incorrect,task/instruction inversion,False,4,A|B|C|D,True,True,"[""B"", ""C"", ""D""]",,,False,False,True,labeled,label_set,False,True,
medmcqa::26f30f24-dcd8-453d-8553-9ee82ad496e1,medmcqa,open,response-space / MCQ-to-generation transformation,True,4,,True,True,null,Gerstmann's syndrome,0.0,False,,False,none,text,False,True,
medmcqa::26f30f24-dcd8-453d-8553-9ee82ad496e1,medmcqa,no_symbols,output-interface / answer-format transformation,False,4,,True,True,null,Gerstmann's syndrome,0.0,False,False,False,bullets,text,False,True,
mmlu::clinical_knowledge-062,mmlu,mcq,baseline,False,4,A|B|C|D,True,True,"""C""",Leakage of effluent onto peristomal skin.,2.0,False,False,False,labeled,letter_label,False,True,
mmlu::clinical_knowledge-062,mmlu,roman_numeral,presentation / answer-label transformation,False,4,I|II|III|IV,True,True,"""III""",Leakage of effluent onto peristomal skin.,2.0,False,False,False,labeled,roman_label,False,True,
mmlu::clinical_knowledge-062,mmlu,none_of_the_provided,answer-set / decision-boundary transformation,False,4,A|B|C|D,False,False,"""C""",None of the provided options,2.0,True,False,False,labeled,letter_label,False,True,
mmlu::clinical_knowledge-062,mmlu,fixed_pos,answer-position diagnostic,False,4,A|B|C|D,False,True,"""D""",Leakage of effluent onto peristomal skin.,3.0,False,True,False,labeled,letter_label,False,True,
mmlu::clinical_knowledge-062,mmlu,incorrect,task/instruction inversion,False,4,A|B|C|D,True,True,"[""A"", ""B"", ""D""]",,,False,False,True,labeled,label_set,False,True,
mmlu::clinical_knowledge-062,mmlu,open,response-space / MCQ-to-generation transformation,True,4,,True,True,null,Leakage of effluent onto peristomal skin.,2.0,False,,False,none,text,False,True,
mmlu::clinical_knowledge-062,mmlu,no_symbols,output-interface / answer-format transformation,False,4,,True,True,null,Leakage of effluent onto peristomal skin.,2.0,False,False,False,bullets,text,False,True,
medqa::0167,medqa,mcq,baseline,False,4,A|B|C|D,True,True,"""C""",Takotsubo cardiomyopathy,2.0,False,False,False,labeled,letter_label,False,True,
medqa::0167,medqa,roman_numeral,presentation / answer-label transformation,False,4,I|II|III|IV,True,True,"""III""",Takotsubo cardiomyopathy,2.0,False,False,False,labeled,roman_label,False,True,
medqa::0167,medqa,none_of_the_provided,answer-set / decision-boundary transformation,False,4,A|B|C|D,False,False,"""C""",None of the provided options,2.0,True,False,False,labeled,letter_label,False,True,
medqa::0167,medqa,fixed_pos,answer-position diagnostic,False,4,A|B|C|D,False,True,"""D""",Takotsubo cardiomyopathy,3.0,False,True,False,labeled,letter_label,False,True,
medqa::0167,medqa,incorrect,task/instruction inversion,False,4,A|B|C|D,True,True,"[""A"", ""B"", ""D""]",,,False,False,True,labeled,label_set,False,True,
medqa::0167,medqa,open,response-space / MCQ-to-generation transformation,True,4,,True,True,null,Takotsubo cardiomyopathy,2.0,False,,False,none,text,False,True,
medqa::0167,medqa,no_symbols,output-interface / answer-format transformation,False,4,,True,True,null,Takotsubo cardiomyopathy,2.0,False,False,False,bullets,text,False,True,
medmcqa::2719953f-15c7-4003-83ed-0baf2654d35a,medmcqa,mcq,baseline,False,4,A|B|C|D,True,True,"""B""",Toxoplasmosis,1.0,False,False,False,labeled,letter_label,False,True,
medmcqa::2719953f-15c7-4003-83ed-0baf2654d35a,medmcqa,roman_numeral,presentation / answer-label transformation,False,4,I|II|III|IV,True,True,"""II""",Toxoplasmosis,1.0,False,False,False,labeled,roman_label,False,True,
medmcqa::2719953f-15c7-4003-83ed-0baf2654d35a,medmcqa,none_of_the_provided,answer-set / decision-boundary transformation,False,4,A|B|C|D,False,False,"""B""",None of the provided options,1.0,True,False,False,labeled,letter_label,False,True,
medmcqa::2719953f-15c7-4003-83ed-0baf2654d35a,medmcqa,fixed_pos,answer-position diagnostic,False,4,A|B|C|D,False,True,"""D""",Toxoplasmosis,3.0,False,True,False,labeled,letter_label,False,True,
medmcqa::2719953f-15c7-4003-83ed-0baf2654d35a,medmcqa,incorrect,task/instruction inversion,False,4,A|B|C|D,True,True,"[""A"", ""C"", ""D""]",,,False,False,True,labeled,label_set,False,True,
medmcqa::2719953f-15c7-4003-83ed-0baf2654d35a,medmcqa,open,response-space / MCQ-to-generation transformation,True,4,,True,True,null,Toxoplasmosis,1.0,False,,False,none,text,False,True,
medmcqa::2719953f-15c7-4003-83ed-0baf2654d35a,medmcqa,no_symbols,output-interface / answer-format transformation,False,4,,True,True,null,Toxoplasmosis,1.0,False,False,False,bullets,text,False,True,
mmlu::clinical_knowledge-174,mmlu,mcq,baseline,False,4,A|B|C|D,True,True,"""A""","mRNA, tRNA and ribosomes.",0.0,False,False,False,labeled,letter_label,False,True,
mmlu::clinical_knowledge-174,mmlu,roman_numeral,presentation / answer-label transformation,False,4,I|II|III|IV,True,True,"""I""","mRNA, tRNA and ribosomes.",0.0,False,False,False,labeled,roman_label,False,True,
mmlu::clinical_knowledge-174,mmlu,none_of_the_provided,answer-set / decision-boundary transformation,False,4,A|B|C|D,False,False,"""A""",None of the provided options,0.0,True,False,False,labeled,letter_label,False,True,
mmlu::clinical_knowledge-174,mmlu,fixed_pos,answer-position diagnostic,False,4,A|B|C|D,False,True,"""D""","mRNA, tRNA and ribosomes.",3.0,False,True,False,labeled,letter_label,False,True,
mmlu::clinical_knowledge-174,mmlu,incorrect,task/instruction inversion,False,4,A|B|C|D,True,True,"[""B"", ""C"", ""D""]",,,False,False,True,labeled,label_set,False,True,
mmlu::clinical_knowledge-174,mmlu,open,response-space / MCQ-to-generation transformation,True,4,,True,True,null,"mRNA, tRNA and ribosomes.",0.0,False,,False,none,text,False,True,
mmlu::clinical_knowledge-174,mmlu,no_symbols,output-interface / answer-format transformation,False,4,,True,True,null,"mRNA, tRNA and ribosomes.",0.0,False,False,False,bullets,text,False,True,
medqa::0214,medqa,mcq,baseline,False,4,A|B|C|D,True,True,"""B""",Factitious disorder,1.0,False,False,False,labeled,letter_label,False,True,
medqa::0214,medqa,roman_numeral,presentation / answer-label transformation,False,4,I|II|III|IV,True,True,"""II""",Factitious disorder,1.0,False,False,False,labeled,roman_label,False,True,
medqa::0214,medqa,none_of_the_provided,answer-set / decision-boundary transformation,False,4,A|B|C|D,False,False,"""B""",None of the provided options,1.0,True,False,False,labeled,letter_label,False,True,
medqa::0214,medqa,fixed_pos,answer-position diagnostic,False,4,A|B|C|D,False,True,"""D""",Factitious disorder,3.0,False,True,False,labeled,letter_label,False,True,
medqa::0214,medqa,incorrect,task/instruction inversion,False,4,A|B|C|D,True,True,"[""A"", ""C"", ""D""]",,,False,False,True,labeled,label_set,False,True,
medqa::0214,medqa,open,response-space / MCQ-to-generation transformation,True,4,,True,True,null,Factitious disorder,1.0,False,,False,none,text,False,True,
medqa::0214,medqa,no_symbols,output-interface / answer-format transformation,False,4,,True,True,null,Factitious disorder,1.0,False,False,False,bullets,text,False,True,
medmcqa::3c6acd9a-5776-40dc-a952-678746215562,medmcqa,mcq,baseline,False,4,A|B|C|D,True,True,"""B""",Low safety,1.0,False,False,False,labeled,letter_label,False,True,
medmcqa::3c6acd9a-5776-40dc-a952-678746215562,medmcqa,roman_numeral,presentation / answer-label transformation,False,4,I|II|III|IV,True,True,"""II""",Low safety,1.0,False,False,False,labeled,roman_label,False,True,
medmcqa::3c6acd9a-5776-40dc-a952-678746215562,medmcqa,none_of_the_provided,answer-set / decision-boundary transformation,False,4,A|B|C|D,False,False,"""B""",None of the provided options,1.0,True,False,False,labeled,letter_label,False,True,
medmcqa::3c6acd9a-5776-40dc-a952-678746215562,medmcqa,fixed_pos,answer-position diagnostic,False,4,A|B|C|D,False,True,"""D""",Low safety,3.0,False,True,False,labeled,letter_label,False,True,
medmcqa::3c6acd9a-5776-40dc-a952-678746215562,medmcqa,incorrect,task/instruction inversion,False,4,A|B|C|D,True,True,"[""A"", ""C"", ""D""]",,,False,False,True,labeled,label_set,False,True,
medmcqa::3c6acd9a-5776-40dc-a952-678746215562,medmcqa,open,response-space / MCQ-to-generation transformation,True,4,,True,True,null,Low safety,1.0,False,,False,none,text,False,True,
medmcqa::3c6acd9a-5776-40dc-a952-678746215562,medmcqa,no_symbols,output-interface / answer-format transformation,False,4,,True,True,null,Low safety,1.0,False,False,False,bullets,text,False,True,
mmlu::clinical_knowledge-261,mmlu,mcq,baseline,False,4,A|B|C|D,True,True,"""B""",anaerobic energy production.,1.0,False,False,False,labeled,letter_label,False,True,
mmlu::clinical_knowledge-261,mmlu,roman_numeral,presentation / answer-label transformation,False,4,I|II|III|IV,True,True,"""II""",anaerobic energy production.,1.0,False,False,False,labeled,roman_label,False,True,
mmlu::clinical_knowledge-261,mmlu,none_of_the_provided,answer-set / decision-boundary transformation,False,4,A|B|C|D,False,False,"""B""",None of the provided options,1.0,True,False,False,labeled,letter_label,False,True,
mmlu::clinical_knowledge-261,mmlu,fixed_pos,answer-position diagnostic,False,4,A|B|C|D,False,True,"""D""",anaerobic energy production.,3.0,False,True,False,labeled,letter_label,False,True,
mmlu::clinical_knowledge-261,mmlu,incorrect,task/instruction inversion,False,4,A|B|C|D,True,True,"[""A"", ""C"", ""D""]",,,False,False,True,labeled,label_set,False,True,
mmlu::clinical_knowledge-261,mmlu,open,response-space / MCQ-to-generation transformation,True,4,,True,True,null,anaerobic energy production.,1.0,False,,False,none,text,False,True,
mmlu::clinical_knowledge-261,mmlu,no_symbols,output-interface / answer-format transformation,False,4,,True,True,null,anaerobic energy production.,1.0,False,False,False,bullets,text,False,True,
medqa::0290,medqa,mcq,baseline,False,4,A|B|C|D,True,True,"""B""",There is a 5.2% chance that A is more effective than B is due to chance,1.0,False,False,False,labeled,letter_label,False,True,
medqa::0290,medqa,roman_numeral,presentation / answer-label transformation,False,4,I|II|III|IV,True,True,"""II""",There is a 5.2% chance that A is more effective than B is due to chance,1.0,False,False,False,labeled,roman_label,False,True,
medqa::0290,medqa,none_of_the_provided,answer-set / decision-boundary transformation,False,4,A|B|C|D,False,False,"""B""",None of the provided options,1.0,True,False,False,labeled,letter_label,False,True,
medqa::0290,medqa,fixed_pos,answer-position diagnostic,False,4,A|B|C|D,False,True,"""D""",There is a 5.2% chance that A is more effective than B is due to chance,3.0,False,True,False,labeled,letter_label,False,True,
medqa::0290,medqa,incorrect,task/instruction inversion,False,4,A|B|C|D,True,True,"[""A"", ""C"", ""D""]",,,False,False,True,labeled,label_set,False,True,
medqa::0290,medqa,open,response-space / MCQ-to-generation transformation,True,4,,True,True,null,There is a 5.2% chance that A is more effective than B is due to chance,1.0,False,,False,none,text,False,True,
medqa::0290,medqa,no_symbols,output-interface / answer-format transformation,False,4,,True,True,null,There is a 5.2% chance that A is more effective than B is due to chance,1.0,False,False,False,bullets,text,False,True,
medmcqa::4282ea27-91a4-4cd7-9781-2958d3986552,medmcqa,mcq,baseline,False,4,A|B|C|D,True,True,"""A""",Bronchoscopy,0.0,False,False,False,labeled,letter_label,False,True,
medmcqa::4282ea27-91a4-4cd7-9781-2958d3986552,medmcqa,roman_numeral,presentation / answer-label transformation,False,4,I|II|III|IV,True,True,"""I""",Bronchoscopy,0.0,False,False,False,labeled,roman_label,False,True,
medmcqa::4282ea27-91a4-4cd7-9781-2958d3986552,medmcqa,none_of_the_provided,answer-set / decision-boundary transformation,False,4,A|B|C|D,False,False,"""A""",None of the provided options,0.0,True,False,False,labeled,letter_label,False,True,
medmcqa::4282ea27-91a4-4cd7-9781-2958d3986552,medmcqa,fixed_pos,answer-position diagnostic,False,4,A|B|C|D,False,True,"""D""",Bronchoscopy,3.0,False,True,False,labeled,letter_label,False,True,
medmcqa::4282ea27-91a4-4cd7-9781-2958d3986552,medmcqa,incorrect,task/instruction inversion,False,4,A|B|C|D,True,True,"[""B"", ""C"", ""D""]",,,False,False,True,labeled,label_set,False,True,
medmcqa::4282ea27-91a4-4cd7-9781-2958d3986552,medmcqa,open,response-space / MCQ-to-generation transformation,True,4,,True,True,null,Bronchoscopy,0.0,False,,False,none,text,False,True,
medmcqa::4282ea27-91a4-4cd7-9781-2958d3986552,medmcqa,no_symbols,output-interface / answer-format transformation,False,4,,True,True,null,Bronchoscopy,0.0,False,False,False,bullets,text,False,True,
mmlu::college_biology-015,mmlu,mcq,baseline,False,4,A|B|C|D,True,True,"""C""",cortical reaction,2.0,False,False,False,labeled,letter_label,False,True,
mmlu::college_biology-015,mmlu,roman_numeral,presentation / answer-label transformation,False,4,I|II|III|IV,True,True,"""III""",cortical reaction,2.0,False,False,False,labeled,roman_label,False,True,
mmlu::college_biology-015,mmlu,none_of_the_provided,answer-set / decision-boundary transformation,False,4,A|B|C|D,False,False,"""C""",None of the provided options,2.0,True,False,False,labeled,letter_label,False,True,
mmlu::college_biology-015,mmlu,fixed_pos,answer-position diagnostic,False,4,A|B|C|D,False,True,"""D""",cortical reaction,3.0,False,True,False,labeled,letter_label,False,True,
mmlu::college_biology-015,mmlu,incorrect,task/instruction inversion,False,4,A|B|C|D,True,True,"[""A"", ""B"", ""D""]",,,False,False,True,labeled,label_set,False,True,
mmlu::college_biology-015,mmlu,open,response-space / MCQ-to-generation transformation,True,4,,True,True,null,cortical reaction,2.0,False,,False,none,text,False,True,
mmlu::college_biology-015,mmlu,no_symbols,output-interface / answer-format transformation,False,4,,True,True,null,cortical reaction,2.0,False,False,False,bullets,text,False,True,
medqa::0324,medqa,mcq,baseline,False,4,A|B|C|D,True,True,"""A""",ERCP,0.0,False,False,False,labeled,letter_label,False,True,
medqa::0324,medqa,roman_numeral,presentation / answer-label transformation,False,4,I|II|III|IV,True,True,"""I""",ERCP,0.0,False,False,False,labeled,roman_label,False,True,
medqa::0324,medqa,none_of_the_provided,answer-set / decision-boundary transformation,False,4,A|B|C|D,False,False,"""A""",None of the provided options,0.0,True,False,False,labeled,letter_label,False,True,
medqa::0324,medqa,fixed_pos,answer-position diagnostic,False,4,A|B|C|D,False,True,"""D""",ERCP,3.0,False,True,False,labeled,letter_label,False,True,
medqa::0324,medqa,incorrect,task/instruction inversion,False,4,A|B|C|D,True,True,"[""B"", ""C"", ""D""]",,,False,False,True,labeled,label_set,False,True,
medqa::0324,medqa,open,response-space / MCQ-to-generation transformation,False,4,,True,True,null,ERCP,0.0,False,,False,none,text,False,True,
medqa::0324,medqa,no_symbols,output-interface / answer-format transformation,False,4,,True,True,null,ERCP,0.0,False,False,False,bullets,text,False,True,
medmcqa::46669fd0-e19c-4e9c-bdc4-836d0d9771f4,medmcqa,mcq,baseline,False,4,A|B|C|D,True,True,"""A""",Inhibit osteoclast mediated resorption,0.0,False,False,False,labeled,letter_label,False,True,
medmcqa::46669fd0-e19c-4e9c-bdc4-836d0d9771f4,medmcqa,roman_numeral,presentation / answer-label transformation,False,4,I|II|III|IV,True,True,"""I""",Inhibit osteoclast mediated resorption,0.0,False,False,False,labeled,roman_label,False,True,
medmcqa::46669fd0-e19c-4e9c-bdc4-836d0d9771f4,medmcqa,none_of_the_provided,answer-set / decision-boundary transformation,False,4,A|B|C|D,False,False,"""A""",None of the provided options,0.0,True,False,False,labeled,letter_label,False,True,
medmcqa::46669fd0-e19c-4e9c-bdc4-836d0d9771f4,medmcqa,fixed_pos,answer-position diagnostic,False,4,A|B|C|D,False,True,"""D""",Inhibit osteoclast mediated resorption,3.0,False,True,False,labeled,letter_label,False,True,
medmcqa::46669fd0-e19c-4e9c-bdc4-836d0d9771f4,medmcqa,incorrect,task/instruction inversion,False,4,A|B|C|D,True,True,"[""B"", ""C"", ""D""]",,,False,False,True,labeled,label_set,False,True,
medmcqa::46669fd0-e19c-4e9c-bdc4-836d0d9771f4,medmcqa,open,response-space / MCQ-to-generation transformation,True,4,,True,True,null,Inhibit osteoclast mediated resorption,0.0,False,,False,none,text,False,True,
medmcqa::46669fd0-e19c-4e9c-bdc4-836d0d9771f4,medmcqa,no_symbols,output-interface / answer-format transformation,False,4,,True,True,null,Inhibit osteoclast mediated resorption,0.0,False,False,False,bullets,text,False,True,
mmlu::college_biology-071,mmlu,mcq,baseline,False,4,A|B|C|D,True,True,"""C""",gap junction,2.0,False,False,False,labeled,letter_label,False,True,
mmlu::college_biology-071,mmlu,roman_numeral,presentation / answer-label transformation,False,4,I|II|III|IV,True,True,"""III""",gap junction,2.0,False,False,False,labeled,roman_label,False,True,
mmlu::college_biology-071,mmlu,none_of_the_provided,answer-set / decision-boundary transformation,False,4,A|B|C|D,False,False,"""C""",None of the provided options,2.0,True,False,False,labeled,letter_label,False,True,
mmlu::college_biology-071,mmlu,fixed_pos,answer-position diagnostic,False,4,A|B|C|D,False,True,"""D""",gap junction,3.0,False,True,False,labeled,letter_label,False,True,
mmlu::college_biology-071,mmlu,incorrect,task/instruction inversion,False,4,A|B|C|D,True,True,"[""A"", ""B"", ""D""]",,,False,False,True,labeled,label_set,False,True,
mmlu::college_biology-071,mmlu,open,response-space / MCQ-to-generation transformation,True,4,,True,True,null,gap junction,2.0,False,,False,none,text,False,True,
mmlu::college_biology-071,mmlu,no_symbols,output-interface / answer-format transformation,False,4,,True,True,null,gap junction,2.0,False,False,False,bullets,text,False,True,
medqa::0357,medqa,mcq,baseline,False,4,A|B|C|D,True,True,"""D""",Heroin,3.0,False,False,False,labeled,letter_label,False,True,
medqa::0357,medqa,roman_numeral,presentation / answer-label transformation,False,4,I|II|III|IV,True,True,"""IV""",Heroin,3.0,False,False,False,labeled,roman_label,False,True,
medqa::0357,medqa,none_of_the_provided,answer-set / decision-boundary transformation,False,4,A|B|C|D,False,False,"""D""",None of the provided options,3.0,True,False,False,labeled,letter_label,False,True,
medqa::0357,medqa,fixed_pos,answer-position diagnostic,False,4,A|B|C|D,True,True,"""D""",Heroin,3.0,False,False,False,labeled,letter_label,False,True,
medqa::0357,medqa,incorrect,task/instruction inversion,False,4,A|B|C|D,True,True,"[""A"", ""B"", ""C""]",,,False,False,True,labeled,label_set,False,True,
medqa::0357,medqa,open,response-space / MCQ-to-generation transformation,True,4,,True,True,null,Heroin,3.0,False,,False,none,text,False,True,
medqa::0357,medqa,no_symbols,output-interface / answer-format transformation,False,4,,True,True,null,Heroin,3.0,False,False,False,bullets,text,False,True,
medmcqa::711d84b6-7ff9-4ed2-a961-b7c604e3a9c6,medmcqa,mcq,baseline,False,4,A|B|C|D,True,True,"""C""",5% CaCl,2.0,False,False,False,labeled,letter_label,False,True,
medmcqa::711d84b6-7ff9-4ed2-a961-b7c604e3a9c6,medmcqa,roman_numeral,presentation / answer-label transformation,False,4,I|II|III|IV,True,True,"""III""",5% CaCl,2.0,False,False,False,labeled,roman_label,False,True,
medmcqa::711d84b6-7ff9-4ed2-a961-b7c604e3a9c6,medmcqa,none_of_the_provided,answer-set / decision-boundary transformation,False,4,A|B|C|D,False,False,"""C""",None of the provided options,2.0,True,False,False,labeled,letter_label,False,True,
medmcqa::711d84b6-7ff9-4ed2-a961-b7c604e3a9c6,medmcqa,fixed_pos,answer-position diagnostic,False,4,A|B|C|D,False,True,"""D""",5% CaCl,3.0,False,True,False,labeled,letter_label,False,True,
medmcqa::711d84b6-7ff9-4ed2-a961-b7c604e3a9c6,medmcqa,incorrect,task/instruction inversion,False,4,A|B|C|D,True,True,"[""A"", ""B"", ""D""]",,,False,False,True,labeled,label_set,False,True,
medmcqa::711d84b6-7ff9-4ed2-a961-b7c604e3a9c6,medmcqa,open,response-space / MCQ-to-generation transformation,True,4,,True,True,null,5% CaCl,2.0,False,,False,none,text,False,True,
medmcqa::711d84b6-7ff9-4ed2-a961-b7c604e3a9c6,medmcqa,no_symbols,output-interface / answer-format transformation,False,4,,True,True,null,5% CaCl,2.0,False,False,False,bullets,text,False,True,
mmlu::college_medicine-091,mmlu,mcq,baseline,False,4,A|B|C|D,True,True,"""A""",Peptide bonds,0.0,False,False,False,labeled,letter_label,False,True,
mmlu::college_medicine-091,mmlu,roman_numeral,presentation / answer-label transformation,False,4,I|II|III|IV,True,True,"""I""",Peptide bonds,0.0,False,False,False,labeled,roman_label,False,True,
mmlu::college_medicine-091,mmlu,none_of_the_provided,answer-set / decision-boundary transformation,False,4,A|B|C|D,False,False,"""A""",None of the provided options,0.0,True,False,False,labeled,letter_label,False,True,
mmlu::college_medicine-091,mmlu,fixed_pos,answer-position diagnostic,False,4,A|B|C|D,False,True,"""D""",Peptide bonds,3.0,False,True,False,labeled,letter_label,False,True,
mmlu::college_medicine-091,mmlu,incorrect,task/instruction inversion,False,4,A|B|C|D,True,True,"[""B"", ""C"", ""D""]",,,False,False,True,labeled,label_set,False,True,
mmlu::college_medicine-091,mmlu,open,response-space / MCQ-to-generation transformation,True,4,,True,True,null,Peptide bonds,0.0,False,,False,none,text,False,True,
mmlu::college_medicine-091,mmlu,no_symbols,output-interface / answer-format transformation,False,4,,True,True,null,Peptide bonds,0.0,False,False,False,bullets,text,False,True,
medqa::0415,medqa,mcq,baseline,False,4,A|B|C|D,True,True,"""D""","If the sensitivity of this screening test were decreased, the statistical power would decrease.",3.0,False,False,False,labeled,letter_label,False,True,
medqa::0415,medqa,roman_numeral,presentation / answer-label transformation,False,4,I|II|III|IV,True,True,"""IV""","If the sensitivity of this screening test were decreased, the statistical power would decrease.",3.0,False,False,False,labeled,roman_label,False,True,
medqa::0415,medqa,none_of_the_provided,answer-set / decision-boundary transformation,False,4,A|B|C|D,False,False,"""D""",None of the provided options,3.0,True,False,False,labeled,letter_label,False,True,
medqa::0415,medqa,fixed_pos,answer-position diagnostic,False,4,A|B|C|D,True,True,"""D""","If the sensitivity of this screening test were decreased, the statistical power would decrease.",3.0,False,False,False,labeled,letter_label,False,True,
medqa::0415,medqa,incorrect,task/instruction inversion,False,4,A|B|C|D,True,True,"[""A"", ""B"", ""C""]",,,False,False,True,labeled,label_set,False,True,
medqa::0415,medqa,open,response-space / MCQ-to-generation transformation,True,4,,True,True,null,"If the sensitivity of this screening test were decreased, the statistical power would decrease.",3.0,False,,False,none,text,False,True,
medqa::0415,medqa,no_symbols,output-interface / answer-format transformation,False,4,,True,True,null,"If the sensitivity of this screening test were decreased, the statistical power would decrease.",3.0,False,False,False,bullets,text,False,True,
medmcqa::8d6cd2e6-9912-4bb5-b276-289f11e6371f,medmcqa,mcq,baseline,False,4,A|B|C|D,True,True,"""A""","Iodoform, camphor, parachlorophenol and menthol",0.0,False,False,False,labeled,letter_label,False,True,
medmcqa::8d6cd2e6-9912-4bb5-b276-289f11e6371f,medmcqa,roman_numeral,presentation / answer-label transformation,False,4,I|II|III|IV,True,True,"""I""","Iodoform, camphor, parachlorophenol and menthol",0.0,False,False,False,labeled,roman_label,False,True,
medmcqa::8d6cd2e6-9912-4bb5-b276-289f11e6371f,medmcqa,none_of_the_provided,answer-set / decision-boundary transformation,False,4,A|B|C|D,False,False,"""A""",None of the provided options,0.0,True,False,False,labeled,letter_label,False,True,
medmcqa::8d6cd2e6-9912-4bb5-b276-289f11e6371f,medmcqa,fixed_pos,answer-position diagnostic,False,4,A|B|C|D,False,True,"""D""","Iodoform, camphor, parachlorophenol and menthol",3.0,False,True,False,labeled,letter_label,False,True,
medmcqa::8d6cd2e6-9912-4bb5-b276-289f11e6371f,medmcqa,incorrect,task/instruction inversion,False,4,A|B|C|D,True,True,"[""B"", ""C"", ""D""]",,,False,False,True,labeled,label_set,False,True,
medmcqa::8d6cd2e6-9912-4bb5-b276-289f11e6371f,medmcqa,open,response-space / MCQ-to-generation transformation,True,4,,True,True,null,"Iodoform, camphor, parachlorophenol and menthol",0.0,False,,False,none,text,False,True,
medmcqa::8d6cd2e6-9912-4bb5-b276-289f11e6371f,medmcqa,no_symbols,output-interface / answer-format transformation,False,4,,True,True,null,"Iodoform, camphor, parachlorophenol and menthol",0.0,False,False,False,bullets,text,False,True,
mmlu::college_medicine-154,mmlu,mcq,baseline,False,4,A|B|C|D,True,True,"""D""",the cytoplasm.,3.0,False,False,False,labeled,letter_label,False,True,
mmlu::college_medicine-154,mmlu,roman_numeral,presentation / answer-label transformation,False,4,I|II|III|IV,True,True,"""IV""",the cytoplasm.,3.0,False,False,False,labeled,roman_label,False,True,
mmlu::college_medicine-154,mmlu,none_of_the_provided,answer-set / decision-boundary transformation,False,4,A|B|C|D,False,False,"""D""",None of the provided options,3.0,True,False,False,labeled,letter_label,False,True,
mmlu::college_medicine-154,mmlu,fixed_pos,answer-position diagnostic,False,4,A|B|C|D,True,True,"""D""",the cytoplasm.,3.0,False,False,False,labeled,letter_label,False,True,
mmlu::college_medicine-154,mmlu,incorrect,task/instruction inversion,False,4,A|B|C|D,True,True,"[""A"", ""B"", ""C""]",,,False,False,True,labeled,label_set,False,True,
mmlu::college_medicine-154,mmlu,open,response-space / MCQ-to-generation transformation,True,4,,True,True,null,the cytoplasm.,3.0,False,,False,none,text,False,True,
mmlu::college_medicine-154,mmlu,no_symbols,output-interface / answer-format transformation,False,4,,True,True,null,the cytoplasm.,3.0,False,False,False,bullets,text,False,True,
medqa::0438,medqa,mcq,baseline,False,4,A|B|C|D,True,True,"""C""",Na+/Cl- cotransporter in the membranes of epithelial cells in the distal convoluted tubule,2.0,False,False,False,labeled,letter_label,False,True,
medqa::0438,medqa,roman_numeral,presentation / answer-label transformation,False,4,I|II|III|IV,True,True,"""III""",Na+/Cl- cotransporter in the membranes of epithelial cells in the distal convoluted tubule,2.0,False,False,False,labeled,roman_label,False,True,
medqa::0438,medqa,none_of_the_provided,answer-set / decision-boundary transformation,False,4,A|B|C|D,False,False,"""C""",None of the provided options,2.0,True,False,False,labeled,letter_label,False,True,
medqa::0438,medqa,fixed_pos,answer-position diagnostic,False,4,A|B|C|D,False,True,"""D""",Na+/Cl- cotransporter in the membranes of epithelial cells in the distal convoluted tubule,3.0,False,True,False,labeled,letter_label,False,True,
medqa::0438,medqa,incorrect,task/instruction inversion,False,4,A|B|C|D,True,True,"[""A"", ""B"", ""D""]",,,False,False,True,labeled,label_set,False,True,
medqa::0438,medqa,open,response-space / MCQ-to-generation transformation,True,4,,True,True,null,Na+/Cl- cotransporter in the membranes of epithelial cells in the distal convoluted tubule,2.0,False,,False,none,text,False,True,
medqa::0438,medqa,no_symbols,output-interface / answer-format transformation,False,4,,True,True,null,Na+/Cl- cotransporter in the membranes of epithelial cells in the distal convoluted tubule,2.0,False,False,False,bullets,text,False,True,
medmcqa::92bc808f-994e-4669-80e5-77305a9f9178,medmcqa,mcq,baseline,False,4,A|B|C|D,True,True,"""D""",Cortisol,3.0,False,False,False,labeled,letter_label,False,True,
medmcqa::92bc808f-994e-4669-80e5-77305a9f9178,medmcqa,roman_numeral,presentation / answer-label transformation,False,4,I|II|III|IV,True,True,"""IV""",Cortisol,3.0,False,False,False,labeled,roman_label,False,True,
medmcqa::92bc808f-994e-4669-80e5-77305a9f9178,medmcqa,none_of_the_provided,answer-set / decision-boundary transformation,False,4,A|B|C|D,False,False,"""D""",None of the provided options,3.0,True,False,False,labeled,letter_label,False,True,
medmcqa::92bc808f-994e-4669-80e5-77305a9f9178,medmcqa,fixed_pos,answer-position diagnostic,False,4,A|B|C|D,True,True,"""D""",Cortisol,3.0,False,False,False,labeled,letter_label,False,True,
medmcqa::92bc808f-994e-4669-80e5-77305a9f9178,medmcqa,incorrect,task/instruction inversion,False,4,A|B|C|D,True,True,"[""A"", ""B"", ""C""]",,,False,False,True,labeled,label_set,False,True,
medmcqa::92bc808f-994e-4669-80e5-77305a9f9178,medmcqa,open,response-space / MCQ-to-generation transformation,True,4,,True,True,null,Cortisol,3.0,False,,False,none,text,False,True,
medmcqa::92bc808f-994e-4669-80e5-77305a9f9178,medmcqa,no_symbols,output-interface / answer-format transformation,False,4,,True,True,null,Cortisol,3.0,False,False,False,bullets,text,False,True,
mmlu::medical_genetics-063,mmlu,mcq,baseline,False,4,A|B|C|D,True,True,"""C""",a bacterial chromosome with the F factor inserted,2.0,False,False,False,labeled,letter_label,False,True,
mmlu::medical_genetics-063,mmlu,roman_numeral,presentation / answer-label transformation,False,4,I|II|III|IV,True,True,"""III""",a bacterial chromosome with the F factor inserted,2.0,False,False,False,labeled,roman_label,False,True,
mmlu::medical_genetics-063,mmlu,none_of_the_provided,answer-set / decision-boundary transformation,False,4,A|B|C|D,False,False,"""C""",None of the provided options,2.0,True,False,False,labeled,letter_label,False,True,
mmlu::medical_genetics-063,mmlu,fixed_pos,answer-position diagnostic,False,4,A|B|C|D,False,True,"""D""",a bacterial chromosome with the F factor inserted,3.0,False,True,False,labeled,letter_label,False,True,
mmlu::medical_genetics-063,mmlu,incorrect,task/instruction inversion,False,4,A|B|C|D,True,True,"[""A"", ""B"", ""D""]",,,False,False,True,labeled,label_set,False,True,
mmlu::medical_genetics-063,mmlu,open,response-space / MCQ-to-generation transformation,True,4,,True,True,null,a bacterial chromosome with the F factor inserted,2.0,False,,False,none,text,False,True,
mmlu::medical_genetics-063,mmlu,no_symbols,output-interface / answer-format transformation,False,4,,True,True,null,a bacterial chromosome with the F factor inserted,2.0,False,False,False,bullets,text,False,True,
medqa::0449,medqa,mcq,baseline,False,4,A|B|C|D,True,True,"""B""",Recurrent laryngeal nerve injury,1.0,False,False,False,labeled,letter_label,False,True,
medqa::0449,medqa,roman_numeral,presentation / answer-label transformation,False,4,I|II|III|IV,True,True,"""II""",Recurrent laryngeal nerve injury,1.0,False,False,False,labeled,roman_label,False,True,
medqa::0449,medqa,none_of_the_provided,answer-set / decision-boundary transformation,False,4,A|B|C|D,False,False,"""B""",None of the provided options,1.0,True,False,False,labeled,letter_label,False,True,
medqa::0449,medqa,fixed_pos,answer-position diagnostic,False,4,A|B|C|D,False,True,"""D""",Recurrent laryngeal nerve injury,3.0,False,True,False,labeled,letter_label,False,True,
medqa::0449,medqa,incorrect,task/instruction inversion,False,4,A|B|C|D,True,True,"[""A"", ""C"", ""D""]",,,False,False,True,labeled,label_set,False,True,
medqa::0449,medqa,open,response-space / MCQ-to-generation transformation,True,4,,True,True,null,Recurrent laryngeal nerve injury,1.0,False,,False,none,text,False,True,
medqa::0449,medqa,no_symbols,output-interface / answer-format transformation,False,4,,True,True,null,Recurrent laryngeal nerve injury,1.0,False,False,False,bullets,text,False,True,
medmcqa::98893c1c-a979-476e-8b82-ef3bd2a02da7,medmcqa,mcq,baseline,False,4,A|B|C|D,True,True,"""A""",Intensity of stimulus,0.0,False,False,False,labeled,letter_label,False,True,
medmcqa::98893c1c-a979-476e-8b82-ef3bd2a02da7,medmcqa,roman_numeral,presentation / answer-label transformation,False,4,I|II|III|IV,True,True,"""I""",Intensity of stimulus,0.0,False,False,False,labeled,roman_label,False,True,
medmcqa::98893c1c-a979-476e-8b82-ef3bd2a02da7,medmcqa,none_of_the_provided,answer-set / decision-boundary transformation,False,4,A|B|C|D,False,False,"""A""",None of the provided options,0.0,True,False,False,labeled,letter_label,False,True,
medmcqa::98893c1c-a979-476e-8b82-ef3bd2a02da7,medmcqa,fixed_pos,answer-position diagnostic,False,4,A|B|C|D,False,True,"""D""",Intensity of stimulus,3.0,False,True,False,labeled,letter_label,False,True,
medmcqa::98893c1c-a979-476e-8b82-ef3bd2a02da7,medmcqa,incorrect,task/instruction inversion,False,4,A|B|C|D,True,True,"[""B"", ""C"", ""D""]",,,False,False,True,labeled,label_set,False,True,
medmcqa::98893c1c-a979-476e-8b82-ef3bd2a02da7,medmcqa,open,response-space / MCQ-to-generation transformation,True,4,,True,True,null,Intensity of stimulus,0.0,False,,False,none,text,False,True,
medmcqa::98893c1c-a979-476e-8b82-ef3bd2a02da7,medmcqa,no_symbols,output-interface / answer-format transformation,False,4,,True,True,null,Intensity of stimulus,0.0,False,False,False,bullets,text,False,True,
mmlu::professional_medicine-148,mmlu,mcq,baseline,False,4,A|B|C|D,True,True,"""D""",Microscopic examination of the stool,3.0,False,False,False,labeled,letter_label,False,True,
mmlu::professional_medicine-148,mmlu,roman_numeral,presentation / answer-label transformation,False,4,I|II|III|IV,True,True,"""IV""",Microscopic examination of the stool,3.0,False,False,False,labeled,roman_label,False,True,
mmlu::professional_medicine-148,mmlu,none_of_the_provided,answer-set / decision-boundary transformation,False,4,A|B|C|D,False,False,"""D""",None of the provided options,3.0,True,False,False,labeled,letter_label,False,True,
mmlu::professional_medicine-148,mmlu,fixed_pos,answer-position diagnostic,False,4,A|B|C|D,True,True,"""D""",Microscopic examination of the stool,3.0,False,False,False,labeled,letter_label,False,True,
mmlu::professional_medicine-148,mmlu,incorrect,task/instruction inversion,False,4,A|B|C|D,True,True,"[""A"", ""B"", ""C""]",,,False,False,True,labeled,label_set,False,True,
mmlu::professional_medicine-148,mmlu,open,response-space / MCQ-to-generation transformation,True,4,,True,True,null,Microscopic examination of the stool,3.0,False,,False,none,text,False,True,
mmlu::professional_medicine-148,mmlu,no_symbols,output-interface / answer-format transformation,False,4,,True,True,null,Microscopic examination of the stool,3.0,False,False,False,bullets,text,False,True,
medqa::0478,medqa,mcq,baseline,False,4,A|B|C|D,True,True,"""C""",Shellfish,2.0,False,False,False,labeled,letter_label,False,True,
medqa::0478,medqa,roman_numeral,presentation / answer-label transformation,False,4,I|II|III|IV,True,True,"""III""",Shellfish,2.0,False,False,False,labeled,roman_label,False,True,
medqa::0478,medqa,none_of_the_provided,answer-set / decision-boundary transformation,False,4,A|B|C|D,False,False,"""C""",None of the provided options,2.0,True,False,False,labeled,letter_label,False,True,
medqa::0478,medqa,fixed_pos,answer-position diagnostic,False,4,A|B|C|D,False,True,"""D""",Shellfish,3.0,False,True,False,labeled,letter_label,False,True,
medqa::0478,medqa,incorrect,task/instruction inversion,False,4,A|B|C|D,True,True,"[""A"", ""B"", ""D""]",,,False,False,True,labeled,label_set,False,True,
medqa::0478,medqa,open,response-space / MCQ-to-generation transformation,True,4,,True,True,null,Shellfish,2.0,False,,False,none,text,False,True,
medqa::0478,medqa,no_symbols,output-interface / answer-format transformation,False,4,,True,True,null,Shellfish,2.0,False,False,False,bullets,text,False,True,
medmcqa::aa8da3cd-fdc2-42ef-96f5-9de78597f924,medmcqa,mcq,baseline,False,4,A|B|C|D,True,True,"""C""",Clindamycin,2.0,False,False,False,labeled,letter_label,False,True,
medmcqa::aa8da3cd-fdc2-42ef-96f5-9de78597f924,medmcqa,roman_numeral,presentation / answer-label transformation,False,4,I|II|III|IV,True,True,"""III""",Clindamycin,2.0,False,False,False,labeled,roman_label,False,True,
medmcqa::aa8da3cd-fdc2-42ef-96f5-9de78597f924,medmcqa,none_of_the_provided,answer-set / decision-boundary transformation,False,4,A|B|C|D,False,False,"""C""",None of the provided options,2.0,True,False,False,labeled,letter_label,False,True,
medmcqa::aa8da3cd-fdc2-42ef-96f5-9de78597f924,medmcqa,fixed_pos,answer-position diagnostic,False,4,A|B|C|D,False,True,"""D""",Clindamycin,3.0,False,True,False,labeled,letter_label,False,True,
medmcqa::aa8da3cd-fdc2-42ef-96f5-9de78597f924,medmcqa,incorrect,task/instruction inversion,False,4,A|B|C|D,True,True,"[""A"", ""B"", ""D""]",,,False,False,True,labeled,label_set,False,True,
medmcqa::aa8da3cd-fdc2-42ef-96f5-9de78597f924,medmcqa,open,response-space / MCQ-to-generation transformation,True,4,,True,True,null,Clindamycin,2.0,False,,False,none,text,False,True,
medmcqa::aa8da3cd-fdc2-42ef-96f5-9de78597f924,medmcqa,no_symbols,output-interface / answer-format transformation,False,4,,True,True,null,Clindamycin,2.0,False,False,False,bullets,text,False,True,
mmlu::professional_medicine-153,mmlu,mcq,baseline,False,4,A|B|C|D,True,True,"""D""",Systemic sclerosis (scleroderma),3.0,False,False,False,labeled,letter_label,False,True,
mmlu::professional_medicine-153,mmlu,roman_numeral,presentation / answer-label transformation,False,4,I|II|III|IV,True,True,"""IV""",Systemic sclerosis (scleroderma),3.0,False,False,False,labeled,roman_label,False,True,
mmlu::professional_medicine-153,mmlu,none_of_the_provided,answer-set / decision-boundary transformation,False,4,A|B|C|D,False,False,"""D""",None of the provided options,3.0,True,False,False,labeled,letter_label,False,True,
mmlu::professional_medicine-153,mmlu,fixed_pos,answer-position diagnostic,False,4,A|B|C|D,True,True,"""D""",Systemic sclerosis (scleroderma),3.0,False,False,False,labeled,letter_label,False,True,
mmlu::professional_medicine-153,mmlu,incorrect,task/instruction inversion,False,4,A|B|C|D,True,True,"[""A"", ""B"", ""C""]",,,False,False,True,labeled,label_set,False,True,
mmlu::professional_medicine-153,mmlu,open,response-space / MCQ-to-generation transformation,True,4,,True,True,null,Systemic sclerosis (scleroderma),3.0,False,,False,none,text,False,True,
mmlu::professional_medicine-153,mmlu,no_symbols,output-interface / answer-format transformation,False,4,,True,True,null,Systemic sclerosis (scleroderma),3.0,False,False,False,bullets,text,False,True,
medqa::0752,medqa,mcq,baseline,False,4,A|B|C|D,True,True,"""C""",Filgrastim,2.0,False,False,False,labeled,letter_label,False,True,
medqa::0752,medqa,roman_numeral,presentation / answer-label transformation,False,4,I|II|III|IV,True,True,"""III""",Filgrastim,2.0,False,False,False,labeled,roman_label,False,True,
medqa::0752,medqa,none_of_the_provided,answer-set / decision-boundary transformation,False,4,A|B|C|D,False,False,"""C""",None of the provided options,2.0,True,False,False,labeled,letter_label,False,True,
medqa::0752,medqa,fixed_pos,answer-position diagnostic,False,4,A|B|C|D,False,True,"""D""",Filgrastim,3.0,False,True,False,labeled,letter_label,False,True,
medqa::0752,medqa,incorrect,task/instruction inversion,False,4,A|B|C|D,True,True,"[""A"", ""B"", ""D""]",,,False,False,True,labeled,label_set,False,True,
medqa::0752,medqa,open,response-space / MCQ-to-generation transformation,True,4,,True,True,null,Filgrastim,2.0,False,,False,none,text,False,True,
medqa::0752,medqa,no_symbols,output-interface / answer-format transformation,False,4,,True,True,null,Filgrastim,2.0,False,False,False,bullets,text,False,True,
medmcqa::be9a2669-d3a5-41a7-9b1b-608757751254,medmcqa,mcq,baseline,False,4,A|B|C|D,True,True,"""B""",2-6 degC,1.0,False,False,False,labeled,letter_label,False,True,
medmcqa::be9a2669-d3a5-41a7-9b1b-608757751254,medmcqa,roman_numeral,presentation / answer-label transformation,False,4,I|II|III|IV,True,True,"""II""",2-6 degC,1.0,False,False,False,labeled,roman_label,False,True,
medmcqa::be9a2669-d3a5-41a7-9b1b-608757751254,medmcqa,none_of_the_provided,answer-set / decision-boundary transformation,False,4,A|B|C|D,False,False,"""B""",None of the provided options,1.0,True,False,False,labeled,letter_label,False,True,
medmcqa::be9a2669-d3a5-41a7-9b1b-608757751254,medmcqa,fixed_pos,answer-position diagnostic,False,4,A|B|C|D,False,True,"""D""",2-6 degC,3.0,False,True,False,labeled,letter_label,False,True,
medmcqa::be9a2669-d3a5-41a7-9b1b-608757751254,medmcqa,incorrect,task/instruction inversion,False,4,A|B|C|D,True,True,"[""A"", ""C"", ""D""]",,,False,False,True,labeled,label_set,False,True,
medmcqa::be9a2669-d3a5-41a7-9b1b-608757751254,medmcqa,open,response-space / MCQ-to-generation transformation,True,4,,True,True,null,2-6 degC,1.0,False,,False,none,text,False,True,
medmcqa::be9a2669-d3a5-41a7-9b1b-608757751254,medmcqa,no_symbols,output-interface / answer-format transformation,False,4,,True,True,null,2-6 degC,1.0,False,False,False,bullets,text,False,True,
mmlu::professional_medicine-206,mmlu,mcq,baseline,False,4,A|B|C|D,True,True,"""D""",Begin ganciclovir therapy,3.0,False,False,False,labeled,letter_label,False,True,
mmlu::professional_medicine-206,mmlu,roman_numeral,presentation / answer-label transformation,False,4,I|II|III|IV,True,True,"""IV""",Begin ganciclovir therapy,3.0,False,False,False,labeled,roman_label,False,True,
mmlu::professional_medicine-206,mmlu,none_of_the_provided,answer-set / decision-boundary transformation,False,4,A|B|C|D,False,False,"""D""",None of the provided options,3.0,True,False,False,labeled,letter_label,False,True,
mmlu::professional_medicine-206,mmlu,fixed_pos,answer-position diagnostic,False,4,A|B|C|D,True,True,"""D""",Begin ganciclovir therapy,3.0,False,False,False,labeled,letter_label,False,True,
mmlu::professional_medicine-206,mmlu,incorrect,task/instruction inversion,False,4,A|B|C|D,True,True,"[""A"", ""B"", ""C""]",,,False,False,True,labeled,label_set,False,True,
mmlu::professional_medicine-206,mmlu,open,response-space / MCQ-to-generation transformation,True,4,,True,True,null,Begin ganciclovir therapy,3.0,False,,False,none,text,False,True,
mmlu::professional_medicine-206,mmlu,no_symbols,output-interface / answer-format transformation,False,4,,True,True,null,Begin ganciclovir therapy,3.0,False,False,False,bullets,text,False,True,
medqa::0759,medqa,mcq,baseline,False,4,A|B|C|D,True,True,"""C""",Sargramostim,2.0,False,False,False,labeled,letter_label,False,True,
medqa::0759,medqa,roman_numeral,presentation / answer-label transformation,False,4,I|II|III|IV,True,True,"""III""",Sargramostim,2.0,False,False,False,labeled,roman_label,False,True,
medqa::0759,medqa,none_of_the_provided,answer-set / decision-boundary transformation,False,4,A|B|C|D,False,False,"""C""",None of the provided options,2.0,True,False,False,labeled,letter_label,False,True,
medqa::0759,medqa,fixed_pos,answer-position diagnostic,False,4,A|B|C|D,False,True,"""D""",Sargramostim,3.0,False,True,False,labeled,letter_label,False,True,
medqa::0759,medqa,incorrect,task/instruction inversion,False,4,A|B|C|D,True,True,"[""A"", ""B"", ""D""]",,,False,False,True,labeled,label_set,False,True,
medqa::0759,medqa,open,response-space / MCQ-to-generation transformation,True,4,,True,True,null,Sargramostim,2.0,False,,False,none,text,False,True,
medqa::0759,medqa,no_symbols,output-interface / answer-format transformation,False,4,,True,True,null,Sargramostim,2.0,False,False,False,bullets,text,False,True,
medmcqa::e3b365b5-231a-4439-900a-c2cd741266a1,medmcqa,mcq,baseline,False,4,A|B|C|D,True,True,"""A""",Deep branch of ulnar nerve,0.0,False,False,False,labeled,letter_label,False,True,
medmcqa::e3b365b5-231a-4439-900a-c2cd741266a1,medmcqa,roman_numeral,presentation / answer-label transformation,False,4,I|II|III|IV,True,True,"""I""",Deep branch of ulnar nerve,0.0,False,False,False,labeled,roman_label,False,True,
medmcqa::e3b365b5-231a-4439-900a-c2cd741266a1,medmcqa,none_of_the_provided,answer-set / decision-boundary transformation,False,4,A|B|C|D,False,False,"""A""",None of the provided options,0.0,True,False,False,labeled,letter_label,False,True,
medmcqa::e3b365b5-231a-4439-900a-c2cd741266a1,medmcqa,fixed_pos,answer-position diagnostic,False,4,A|B|C|D,False,True,"""D""",Deep branch of ulnar nerve,3.0,False,True,False,labeled,letter_label,False,True,
medmcqa::e3b365b5-231a-4439-900a-c2cd741266a1,medmcqa,incorrect,task/instruction inversion,False,4,A|B|C|D,True,True,"[""B"", ""C"", ""D""]",,,False,False,True,labeled,label_set,False,True,
medmcqa::e3b365b5-231a-4439-900a-c2cd741266a1,medmcqa,open,response-space / MCQ-to-generation transformation,True,4,,True,True,null,Deep branch of ulnar nerve,0.0,False,,False,none,text,False,True,
medmcqa::e3b365b5-231a-4439-900a-c2cd741266a1,medmcqa,no_symbols,output-interface / answer-format transformation,False,4,,True,True,null,Deep branch of ulnar nerve,0.0,False,False,False,bullets,text,False,True,
medqa::0789,medqa,mcq,baseline,False,4,A|B|C|D,True,True,"""C""",Prolonged QT interval,2.0,False,False,False,labeled,letter_label,False,True,
medqa::0789,medqa,roman_numeral,presentation / answer-label transformation,False,4,I|II|III|IV,True,True,"""III""",Prolonged QT interval,2.0,False,False,False,labeled,roman_label,False,True,
medqa::0789,medqa,none_of_the_provided,answer-set / decision-boundary transformation,False,4,A|B|C|D,False,False,"""C""",None of the provided options,2.0,True,False,False,labeled,letter_label,False,True,
medqa::0789,medqa,fixed_pos,answer-position diagnostic,False,4,A|B|C|D,False,True,"""D""",Prolonged QT interval,3.0,False,True,False,labeled,letter_label,False,True,
medqa::0789,medqa,incorrect,task/instruction inversion,False,4,A|B|C|D,True,True,"[""A"", ""B"", ""D""]",,,False,False,True,labeled,label_set,False,True,
medqa::0789,medqa,open,response-space / MCQ-to-generation transformation,True,4,,True,True,null,Prolonged QT interval,2.0,False,,False,none,text,False,True,
medqa::0789,medqa,no_symbols,output-interface / answer-format transformation,False,4,,True,True,null,Prolonged QT interval,2.0,False,False,False,bullets,text,False,True,
medmcqa::ee5e4f25-9cee-48ea-b4aa-b631162d4543,medmcqa,mcq,baseline,False,4,A|B|C|D,True,True,"""C""",Asthenozoospermia,2.0,False,False,False,labeled,letter_label,False,True,
medmcqa::ee5e4f25-9cee-48ea-b4aa-b631162d4543,medmcqa,roman_numeral,presentation / answer-label transformation,False,4,I|II|III|IV,True,True,"""III""",Asthenozoospermia,2.0,False,False,False,labeled,roman_label,False,True,
medmcqa::ee5e4f25-9cee-48ea-b4aa-b631162d4543,medmcqa,none_of_the_provided,answer-set / decision-boundary transformation,False,4,A|B|C|D,False,False,"""C""",None of the provided options,2.0,True,False,False,labeled,letter_label,False,True,
medmcqa::ee5e4f25-9cee-48ea-b4aa-b631162d4543,medmcqa,fixed_pos,answer-position diagnostic,False,4,A|B|C|D,False,True,"""D""",Asthenozoospermia,3.0,False,True,False,labeled,letter_label,False,True,
medmcqa::ee5e4f25-9cee-48ea-b4aa-b631162d4543,medmcqa,incorrect,task/instruction inversion,False,4,A|B|C|D,True,True,"[""A"", ""B"", ""D""]",,,False,False,True,labeled,label_set,False,True,
medmcqa::ee5e4f25-9cee-48ea-b4aa-b631162d4543,medmcqa,open,response-space / MCQ-to-generation transformation,True,4,,True,True,null,Asthenozoospermia,2.0,False,,False,none,text,False,True,
medmcqa::ee5e4f25-9cee-48ea-b4aa-b631162d4543,medmcqa,no_symbols,output-interface / answer-format transformation,False,4,,True,True,null,Asthenozoospermia,2.0,False,False,False,bullets,text,False,True,
medqa::0940,medqa,mcq,baseline,False,4,A|B|C|D,True,True,"""A""",Increase in capillary pressure,0.0,False,False,False,labeled,letter_label,False,True,
medqa::0940,medqa,roman_numeral,presentation / answer-label transformation,False,4,I|II|III|IV,True,True,"""I""",Increase in capillary pressure,0.0,False,False,False,labeled,roman_label,False,True,
medqa::0940,medqa,none_of_the_provided,answer-set / decision-boundary transformation,False,4,A|B|C|D,False,False,"""A""",None of the provided options,0.0,True,False,False,labeled,letter_label,False,True,
medqa::0940,medqa,fixed_pos,answer-position diagnostic,False,4,A|B|C|D,False,True,"""D""",Increase in capillary pressure,3.0,False,True,False,labeled,letter_label,False,True,
medqa::0940,medqa,incorrect,task/instruction inversion,False,4,A|B|C|D,True,True,"[""B"", ""C"", ""D""]",,,False,False,True,labeled,label_set,False,True,
medqa::0940,medqa,open,response-space / MCQ-to-generation transformation,False,4,,True,True,null,Increase in capillary pressure,0.0,False,,False,none,text,False,True,
medqa::0940,medqa,no_symbols,output-interface / answer-format transformation,False,4,,True,True,null,Increase in capillary pressure,0.0,False,False,False,bullets,text,False,True,
medqa::1112,medqa,mcq,baseline,False,4,A|B|C|D,True,True,"""C""",Avoidant personality disorder,2.0,False,False,False,labeled,letter_label,False,True,
medqa::1112,medqa,roman_numeral,presentation / answer-label transformation,False,4,I|II|III|IV,True,True,"""III""",Avoidant personality disorder,2.0,False,False,False,labeled,roman_label,False,True,
medqa::1112,medqa,none_of_the_provided,answer-set / decision-boundary transformation,False,4,A|B|C|D,False,False,"""C""",None of the provided options,2.0,True,False,False,labeled,letter_label,False,True,
medqa::1112,medqa,fixed_pos,answer-position diagnostic,False,4,A|B|C|D,False,True,"""D""",Avoidant personality disorder,3.0,False,True,False,labeled,letter_label,False,True,
medqa::1112,medqa,incorrect,task/instruction inversion,False,4,A|B|C|D,True,True,"[""A"", ""B"", ""D""]",,,False,False,True,labeled,label_set,False,True,
medqa::1112,medqa,open,response-space / MCQ-to-generation transformation,True,4,,True,True,null,Avoidant personality disorder,2.0,False,,False,none,text,False,True,
medqa::1112,medqa,no_symbols,output-interface / answer-format transformation,False,4,,True,True,null,Avoidant personality disorder,2.0,False,False,False,bullets,text,False,True,
medqa::1144,medqa,mcq,baseline,False,4,A|B|C|D,True,True,"""C""",High TSH,2.0,False,False,False,labeled,letter_label,False,True,
medqa::1144,medqa,roman_numeral,presentation / answer-label transformation,False,4,I|II|III|IV,True,True,"""III""",High TSH,2.0,False,False,False,labeled,roman_label,False,True,
medqa::1144,medqa,none_of_the_provided,answer-set / decision-boundary transformation,False,4,A|B|C|D,False,False,"""C""",None of the provided options,2.0,True,False,False,labeled,letter_label,False,True,
medqa::1144,medqa,fixed_pos,answer-position diagnostic,False,4,A|B|C|D,False,True,"""D""",High TSH,3.0,False,True,False,labeled,letter_label,False,True,
medqa::1144,medqa,incorrect,task/instruction inversion,False,4,A|B|C|D,True,True,"[""A"", ""B"", ""D""]",,,False,False,True,labeled,label_set,False,True,
medqa::1144,medqa,open,response-space / MCQ-to-generation transformation,True,4,,True,True,null,High TSH,2.0,False,,False,none,text,False,True,
medqa::1144,medqa,no_symbols,output-interface / answer-format transformation,False,4,,True,True,null,High TSH,2.0,False,False,False,bullets,text,False,True,
medqa::1250,medqa,mcq,baseline,False,4,A|B|C|D,True,True,"""A""",Efavirenz,0.0,False,False,False,labeled,letter_label,False,True,
medqa::1250,medqa,roman_numeral,presentation / answer-label transformation,False,4,I|II|III|IV,True,True,"""I""",Efavirenz,0.0,False,False,False,labeled,roman_label,False,True,
medqa::1250,medqa,none_of_the_provided,answer-set / decision-boundary transformation,False,4,A|B|C|D,False,False,"""A""",None of the provided options,0.0,True,False,False,labeled,letter_label,False,True,
medqa::1250,medqa,fixed_pos,answer-position diagnostic,False,4,A|B|C|D,False,True,"""D""",Efavirenz,3.0,False,True,False,labeled,letter_label,False,True,
medqa::1250,medqa,incorrect,task/instruction inversion,False,4,A|B|C|D,True,True,"[""B"", ""C"", ""D""]",,,False,False,True,labeled,label_set,False,True,
medqa::1250,medqa,open,response-space / MCQ-to-generation transformation,True,4,,True,True,null,Efavirenz,0.0,False,,False,none,text,False,True,
medqa::1250,medqa,no_symbols,output-interface / answer-format transformation,False,4,,True,True,null,Efavirenz,0.0,False,False,False,bullets,text,False,True,
