question_id,original_gold,perturbed_gold,original_gold_text,perturbed_gold_text,original_gold_present_in_perturbed_options,original_option_count,perturbed_option_count,option_ordering_changed,gold_letter_changed,gold_text_changed,gold_changed,audit_status,notes
medmcqa::03c11d83-2266-4c72-89f9-fa2615c10ae2,C,C,Middle meningeal artery,None of the provided options,False,4,4,False,False,True,True,OK,Correct option's TEXT replaced with the literal string 'None of the provided options'; letter position and option count unchanged; question text unchanged. The decision problem changes (correct choice is no longer identifiable by clinical content) even though the correct LETTER does not move - NOT assumed meaning-preserving.
medmcqa::0fc0b4ce-9bfd-48a2-920d-88c67e2c4e9c,C,C,Sagittal sinus thrombosis,None of the provided options,False,4,4,False,False,True,True,OK,Correct option's TEXT replaced with the literal string 'None of the provided options'; letter position and option count unchanged; question text unchanged. The decision problem changes (correct choice is no longer identifiable by clinical content) even though the correct LETTER does not move - NOT assumed meaning-preserving.
medmcqa::12cb2ea3-b10c-44e2-8cab-46afcd3ac0c9,C,C,The time from start of mixing till just before the start of appearing elastic properties of impression material,None of the provided options,False,4,4,False,False,True,True,OK,Correct option's TEXT replaced with the literal string 'None of the provided options'; letter position and option count unchanged; question text unchanged. The decision problem changes (correct choice is no longer identifiable by clinical content) even though the correct LETTER does not move - NOT assumed meaning-preserving.
medmcqa::132fec12-271f-4778-93af-042d6ec32a22,A,A,Hair,None of the provided options,False,4,4,False,False,True,True,OK,Correct option's TEXT replaced with the literal string 'None of the provided options'; letter position and option count unchanged; question text unchanged. The decision problem changes (correct choice is no longer identifiable by clinical content) even though the correct LETTER does not move - NOT assumed meaning-preserving.
medmcqa::18c1a5f9-d998-414e-bb9c-991191c10710,A,A,As early as feasible,None of the provided options,False,4,4,False,False,True,True,OK,Correct option's TEXT replaced with the literal string 'None of the provided options'; letter position and option count unchanged; question text unchanged. The decision problem changes (correct choice is no longer identifiable by clinical content) even though the correct LETTER does not move - NOT assumed meaning-preserving.
medmcqa::1f8a97a5-64cf-4635-a50a-e84ac5a0d7f1,C,C,Intravenous fluids,None of the provided options,False,4,4,False,False,True,True,OK,Correct option's TEXT replaced with the literal string 'None of the provided options'; letter position and option count unchanged; question text unchanged. The decision problem changes (correct choice is no longer identifiable by clinical content) even though the correct LETTER does not move - NOT assumed meaning-preserving.
medmcqa::20929b62-1d50-4e64-9370-8d4966ccb2ae,D,D,Carotico-cavernous fistula,None of the provided options,False,4,4,False,False,True,True,OK,Correct option's TEXT replaced with the literal string 'None of the provided options'; letter position and option count unchanged; question text unchanged. The decision problem changes (correct choice is no longer identifiable by clinical content) even though the correct LETTER does not move - NOT assumed meaning-preserving.
medmcqa::26f30f24-dcd8-453d-8553-9ee82ad496e1,A,A,Gerstmann's syndrome,None of the provided options,False,4,4,False,False,True,True,OK,Correct option's TEXT replaced with the literal string 'None of the provided options'; letter position and option count unchanged; question text unchanged. The decision problem changes (correct choice is no longer identifiable by clinical content) even though the correct LETTER does not move - NOT assumed meaning-preserving.
medmcqa::2719953f-15c7-4003-83ed-0baf2654d35a,B,B,Toxoplasmosis,None of the provided options,False,4,4,False,False,True,True,OK,Correct option's TEXT replaced with the literal string 'None of the provided options'; letter position and option count unchanged; question text unchanged. The decision problem changes (correct choice is no longer identifiable by clinical content) even though the correct LETTER does not move - NOT assumed meaning-preserving.
medmcqa::2880abd7-1ec6-4456-823e-e5d00159dfec,A,A,Cotrimoxazole,None of the provided options,False,4,4,False,False,True,True,OK,Correct option's TEXT replaced with the literal string 'None of the provided options'; letter position and option count unchanged; question text unchanged. The decision problem changes (correct choice is no longer identifiable by clinical content) even though the correct LETTER does not move - NOT assumed meaning-preserving.
