step,epoch,timestamp,vram_allocated_gb,vram_peak_gb,loss,grad_norm,learning_rate,num_tokens,completions/mean_length,completions/min_length,completions/max_length,completions/clipped_ratio,completions/mean_terminated_length,completions/min_terminated_length,completions/max_terminated_length,rewards/reward_correct_func/mean,rewards/reward_correct_func/std,reward,reward_std,frac_reward_zero_std,completion_length,kl,clip_ratio/low_mean,clip_ratio/low_min,clip_ratio/high_mean,clip_ratio/high_max,clip_ratio/region_mean,train_runtime,train_samples_per_second,train_steps_per_second,total_flos,train_loss
1,7.551729346020239e-05,2026-10-01T09:27:00.307238+00:00,3.613,4.063,0.0,10.615893363952637,0.0,404.0,2.0,2.0,2.0,0.0,2.0,2.0,2.0,0.75,0.5,0.75,0.5,0.0,2.0,0.0,0.0,0.0,0.0,0.0,0.0,,,,,
2,0.00015103458692040478,2026-10-01T09:27:10.474821+00:00,3.613,4.184,0.0,0.0,1.6666666666666667e-06,1036.0,12.0,12.0,12.0,0.0,12.0,12.0,12.0,0.0,0.0,0.0,0.0,1.0,12.0,0.0,0.0,0.0,0.0,0.0,0.0,,,,,
3,0.00022655188038060717,2026-10-01T09:27:13.071691+00:00,3.613,4.184,0.0,0.0,3.3333333333333333e-06,1448.0,2.0,2.0,2.0,0.0,2.0,2.0,2.0,0.0,0.0,0.0,0.0,1.0,2.0,0.0,0.0,0.0,0.0,0.0,0.0,,,,,
4,0.00030206917384080956,2026-10-01T09:27:20.711910+00:00,3.613,4.184,0.0,0.0,5e-06,1844.0,3.0,3.0,3.0,0.0,3.0,3.0,3.0,0.0,0.0,0.0,0.0,1.0,3.0,0.0,0.0,0.0,0.0,0.0,0.0,,,,,
5,0.0003775864673010119,2026-10-01T09:27:26.983714+00:00,3.613,4.184,0.0,0.0,6.666666666666667e-06,2182.0,7.5,6.0,9.0,0.0,7.5,6.0,9.0,0.0,0.0,0.0,0.0,1.0,7.5,0.0,0.0,0.0,0.0,0.0,0.0,,,,,
6,0.00045310376076121433,2026-10-01T09:27:29.987422+00:00,3.613,4.196,0.0,0.0,8.333333333333334e-06,2814.0,2.0,2.0,2.0,0.0,2.0,2.0,2.0,1.0,0.0,1.0,0.0,1.0,2.0,0.0,0.0,0.0,0.0,0.0,0.0,,,,,
7,0.0005286210542214167,2026-10-01T09:27:54.801809+00:00,3.613,4.303,0.0,0.0,1e-05,3930.0,51.0,12.0,64.0,0.5,38.0,12.0,64.0,0.0,0.0,0.0,0.0,1.0,51.0,0.0,0.0,0.0,0.0,0.0,0.0,,,,,
8,0.0006041383476816191,2026-10-01T09:27:58.148360+00:00,3.613,4.303,0.0,0.0,9.991540791356342e-06,4334.0,2.0,2.0,2.0,0.0,2.0,2.0,2.0,1.0,0.0,1.0,0.0,1.0,2.0,0.0,0.0,0.0,0.0,0.0,0.0,,,,,
9,0.0006796556411418215,2026-10-01T09:28:01.476361+00:00,3.613,4.303,0.0,0.0,9.966191788709716e-06,4706.0,2.0,2.0,2.0,0.0,2.0,2.0,2.0,0.0,0.0,0.0,0.0,1.0,2.0,0.0,0.0,0.0,0.0,0.0,0.0,,,,,
10,0.0007551729346020238,2026-10-01T09:28:12.134688+00:00,3.613,4.361,0.0,0.0,9.924038765061042e-06,5858.0,2.0,2.0,2.0,0.0,2.0,2.0,2.0,1.0,0.0,1.0,0.0,1.0,2.0,0.0,0.0,0.0,0.0,0.0,0.0,,,,,
11,0.0008306902280622263,2026-10-01T09:28:14.953627+00:00,3.613,4.361,0.0,0.0,9.86522435289912e-06,6218.0,2.0,2.0,2.0,0.0,2.0,2.0,2.0,0.0,0.0,0.0,0.0,1.0,2.0,0.0,0.0,0.0,0.0,0.0,0.0,,,,,
12,0.0009062075215224287,2026-10-01T09:28:18.472797+00:00,3.613,4.361,0.0,0.0,9.789947561577445e-06,6770.0,6.0,6.0,6.0,0.0,6.0,6.0,6.0,0.0,0.0,0.0,0.0,1.0,6.0,0.0,0.0,0.0,0.0,0.0,0.0,,,,,
13,0.000981724814982631,2026-10-01T09:28:33.698156+00:00,3.613,4.361,0.0,0.0,9.698463103929542e-06,7734.0,2.0,2.0,2.0,0.0,2.0,2.0,2.0,0.0,0.0,0.0,0.0,1.0,2.0,0.0,0.0,0.0,0.0,0.0,0.0,,,,,
14,0.0010572421084428334,2026-10-01T09:28:36.862377+00:00,3.613,4.361,0.0,0.0,9.591080534401371e-06,8342.0,2.0,2.0,2.0,0.0,2.0,2.0,2.0,0.0,0.0,0.0,0.0,1.0,2.0,0.0,0.0,0.0,0.0,0.0,0.0,,,,,
15,0.0011327594019030357,2026-10-01T09:28:51.507459+00:00,3.613,4.361,0.0,0.0,9.468163201617063e-06,9234.0,6.0,6.0,6.0,0.0,6.0,6.0,6.0,0.0,0.0,0.0,0.0,1.0,6.0,0.0,0.0,0.0,0.0,0.0,0.0,,,,,
16,0.0012082766953632382,2026-10-01T09:28:56.185452+00:00,3.613,4.361,0.0,0.0,9.330127018922195e-06,9902.0,2.0,2.0,2.0,0.0,2.0,2.0,2.0,1.0,0.0,1.0,0.0,1.0,2.0,0.0,0.0,0.0,0.0,0.0,0.0,,,,,
17,0.0012837939888234405,2026-10-01T09:29:11.160588+00:00,3.613,4.361,0.0,0.0,9.177439057064684e-06,10262.0,4.0,3.0,5.0,0.0,4.0,3.0,5.0,0.0,0.0,0.0,0.0,1.0,4.0,0.0,0.0,0.0,0.0,0.0,0.0,,,,,
18,0.001359311282283643,2026-10-01T09:29:13.783149+00:00,3.613,4.361,0.0,0.0,9.01061596377522e-06,10734.0,2.0,2.0,2.0,0.0,2.0,2.0,2.0,1.0,0.0,1.0,0.0,1.0,2.0,0.0,0.0,0.0,0.0,0.0,0.0,,,,,
19,0.0014348285757438454,2026-10-01T09:29:28.602611+00:00,3.613,4.365,0.0,0.0,8.83022221559489e-06,11906.0,2.0,2.0,2.0,0.0,2.0,2.0,2.0,1.0,0.0,1.0,0.0,1.0,2.0,0.0,0.0,0.0,0.0,0.0,0.0,,,,,
20,0.0015103458692040477,2026-10-01T09:29:45.921705+00:00,3.613,4.365,0.0,0.0,8.636868207865244e-06,12842.0,2.0,2.0,2.0,0.0,2.0,2.0,2.0,0.0,0.0,0.0,0.0,1.0,2.0,0.0,0.0,0.0,0.0,0.0,0.0,,,,,
21,0.0015858631626642502,2026-10-01T09:30:04.074410+00:00,3.613,4.365,0.0,0.0,8.43120818934367e-06,13938.0,15.0,15.0,15.0,0.0,15.0,15.0,15.0,0.0,0.0,0.0,0.0,1.0,15.0,0.0,0.0,0.0,0.0,0.0,0.0,,,,,
22,0.0016613804561244525,2026-10-01T09:30:06.797211+00:00,3.613,4.365,0.0,0.0,8.213938048432697e-06,14322.0,2.0,2.0,2.0,0.0,2.0,2.0,2.0,1.0,0.0,1.0,0.0,1.0,2.0,0.0,0.0,0.0,0.0,0.0,0.0,,,,,
23,0.0017368977495846548,2026-10-01T09:30:24.574977+00:00,3.613,4.466,0.0,0.0,7.985792958513932e-06,15830.0,5.0,4.0,6.0,0.0,5.0,4.0,6.0,0.0,0.0,0.0,0.0,1.0,5.0,0.0,0.0,0.0,0.0,0.0,0.0,,,,,
24,0.0018124150430448573,2026-10-01T09:30:27.827611+00:00,3.613,4.466,0.0,0.0,7.747544890354031e-06,16462.0,2.0,2.0,2.0,0.0,2.0,2.0,2.0,0.0,0.0,0.0,0.0,1.0,2.0,0.0,0.0,0.0,0.0,0.0,0.0,,,,,
25,0.0018879323365050596,2026-10-01T09:30:31.376384+00:00,3.613,4.466,0.0,0.0,7.500000000000001e-06,16876.0,7.5,6.0,9.0,0.0,7.5,6.0,9.0,0.0,0.0,0.0,0.0,1.0,7.5,0.0,0.0,0.0,0.0,0.0,0.0,,,,,
26,0.001963449629965262,2026-10-01T09:30:34.018134+00:00,3.613,4.466,0.0,0.0,7.243995901002312e-06,17272.0,2.0,2.0,2.0,0.0,2.0,2.0,2.0,0.0,0.0,0.0,0.0,1.0,2.0,0.0,0.0,0.0,0.0,0.0,0.0,,,,,
27,0.0020389669234254643,2026-10-01T09:31:01.093195+00:00,3.613,4.466,0.0,0.0,6.980398830195785e-06,18464.0,7.0,7.0,7.0,0.0,7.0,7.0,7.0,0.0,0.0,0.0,0.0,1.0,7.0,0.0,0.0,0.0,0.0,0.0,0.0,,,,,
28,0.002114484216885667,2026-10-01T09:31:03.839059+00:00,3.613,4.466,0.0,0.0,6.710100716628345e-06,18896.0,2.0,2.0,2.0,0.0,2.0,2.0,2.0,0.0,0.0,0.0,0.0,1.0,2.0,0.0,0.0,0.0,0.0,0.0,0.0,,,,,
29,0.0021900015103458693,2026-10-01T09:31:18.713250+00:00,3.613,4.466,0.0,0.0,6.434016163555452e-06,19820.0,2.0,2.0,2.0,0.0,2.0,2.0,2.0,1.0,0.0,1.0,0.0,1.0,2.0,0.0,0.0,0.0,0.0,0.0,0.0,,,,,
30,0.0022655188038060714,2026-10-01T09:31:24.010835+00:00,3.613,4.466,0.0,0.0,6.153079353712201e-06,20584.0,2.0,2.0,2.0,0.0,2.0,2.0,2.0,1.0,0.0,1.0,0.0,1.0,2.0,0.0,0.0,0.0,0.0,0.0,0.0,,,,,
31,0.002341036097266274,2026-10-01T09:31:26.631828+00:00,3.613,4.466,0.0,0.0,5.8682408883346535e-06,20944.0,2.0,2.0,2.0,0.0,2.0,2.0,2.0,1.0,0.0,1.0,0.0,1.0,2.0,0.0,0.0,0.0,0.0,0.0,0.0,,,,,
32,0.0024165533907264765,2026-10-01T09:31:30.809754+00:00,3.613,4.466,0.0,0.0,5.5804645706261515e-06,21600.0,2.0,2.0,2.0,0.0,2.0,2.0,2.0,0.0,0.0,0.0,0.0,1.0,2.0,0.0,0.0,0.0,0.0,0.0,0.0,,,,,
33,0.0024920706841866785,2026-10-01T09:31:33.390660+00:00,3.613,4.466,0.0,0.0,5.290724144552379e-06,22056.0,2.0,2.0,2.0,0.0,2.0,2.0,2.0,1.0,0.0,1.0,0.0,1.0,2.0,0.0,0.0,0.0,0.0,0.0,0.0,,,,,
34,0.002567587977646881,2026-10-01T09:31:36.187014+00:00,3.613,4.466,0.0,0.0,5e-06,22556.0,2.0,2.0,2.0,0.0,2.0,2.0,2.0,0.0,0.0,0.0,0.0,1.0,2.0,0.0,0.0,0.0,0.0,0.0,0.0,,,,,
35,0.0026431052711070836,2026-10-01T09:31:38.756410+00:00,3.613,4.466,0.0,0.0,4.7092758554476215e-06,22964.0,2.0,2.0,2.0,0.0,2.0,2.0,2.0,0.0,0.0,0.0,0.0,1.0,2.0,0.0,0.0,0.0,0.0,0.0,0.0,,,,,
36,0.002718622564567286,2026-10-01T09:31:41.365126+00:00,3.613,4.466,0.0,0.0,4.4195354293738484e-06,23320.0,2.0,2.0,2.0,0.0,2.0,2.0,2.0,1.0,0.0,1.0,0.0,1.0,2.0,0.0,0.0,0.0,0.0,0.0,0.0,,,,,
37,0.002794139858027488,2026-10-01T09:31:44.031601+00:00,3.613,4.466,0.0,0.0,4.131759111665349e-06,23668.0,2.0,2.0,2.0,0.0,2.0,2.0,2.0,1.0,0.0,1.0,0.0,1.0,2.0,0.0,0.0,0.0,0.0,0.0,0.0,,,,,
38,0.0028696571514876907,2026-10-01T09:32:01.272953+00:00,3.613,4.466,0.0,0.0,3.8469206462878e-06,24584.0,7.0,7.0,7.0,0.0,7.0,7.0,7.0,0.0,0.0,0.0,0.0,1.0,7.0,0.0,0.0,0.0,0.0,0.0,0.0,,,,,
39,0.0029451744449478933,2026-10-01T09:32:04.006788+00:00,3.613,4.466,0.0,0.0,3.5659838364445505e-06,25100.0,2.0,2.0,2.0,0.0,2.0,2.0,2.0,1.0,0.0,1.0,0.0,1.0,2.0,0.0,0.0,0.0,0.0,0.0,0.0,,,,,
40,0.0030206917384080953,2026-10-01T09:32:06.610872+00:00,3.613,4.466,0.0,48.37044906616211,3.289899283371657e-06,25440.0,2.0,2.0,2.0,0.0,2.0,2.0,2.0,0.5,0.5773502588272095,0.5,0.5773502588272095,0.0,2.0,0.0,0.0,0.0,0.0,0.0,0.0,,,,,
41,0.003096209031868298,2026-10-01T09:32:10.084375+00:00,3.613,4.466,0.0,0.0,3.019601169804216e-06,25780.0,2.0,2.0,2.0,0.0,2.0,2.0,2.0,1.0,0.0,1.0,0.0,1.0,2.0,0.0,0.0,0.0,0.0,0.0,0.0,,,,,
42,0.0031717263253285004,2026-10-01T09:32:13.167054+00:00,3.613,4.466,0.0,0.0,2.7560040989976894e-06,26360.0,2.0,2.0,2.0,0.0,2.0,2.0,2.0,1.0,0.0,1.0,0.0,1.0,2.0,0.0,0.0,0.0,0.0,0.0,0.0,,,,,
43,0.0032472436187887025,2026-10-01T09:32:33.305656+00:00,3.613,4.466,0.0,0.0,2.5000000000000015e-06,27652.0,2.0,2.0,2.0,0.0,2.0,2.0,2.0,1.0,0.0,1.0,0.0,1.0,2.0,0.0,0.0,0.0,0.0,0.0,0.0,,,,,
44,0.003322760912248905,2026-10-01T09:32:48.532644+00:00,3.613,4.466,0.0,0.0,2.2524551096459703e-06,29100.0,2.0,2.0,2.0,0.0,2.0,2.0,2.0,1.0,0.0,1.0,0.0,1.0,2.0,0.0,0.0,0.0,0.0,0.0,0.0,,,,,
45,0.0033982782057091075,2026-10-01T09:32:51.206188+00:00,3.613,4.466,0.0,0.0,2.0142070414860704e-06,29544.0,2.0,2.0,2.0,0.0,2.0,2.0,2.0,1.0,0.0,1.0,0.0,1.0,2.0,0.0,0.0,0.0,0.0,0.0,0.0,,,,,
46,0.0034737954991693096,2026-10-01T09:32:53.771602+00:00,3.613,4.466,0.0,0.0,1.7860619515673034e-06,29924.0,2.0,2.0,2.0,0.0,2.0,2.0,2.0,1.0,0.0,1.0,0.0,1.0,2.0,0.0,0.0,0.0,0.0,0.0,0.0,,,,,
47,0.003549312792629512,2026-10-01T09:32:56.768469+00:00,3.613,4.466,0.1363,10.209173202514648,1.5687918106563326e-06,30327.0,2.75,2.0,3.0,0.0,2.75,2.0,3.0,0.25,0.5,0.25,0.5,0.0,2.75,0.0,0.0,0.0,0.0,0.0,0.0,,,,,
48,0.0036248300860897147,2026-10-01T09:32:59.497053+00:00,3.613,4.466,0.0,0.0,1.3631317921347564e-06,30719.0,2.0,2.0,2.0,0.0,2.0,2.0,2.0,1.0,0.0,1.0,0.0,1.0,2.0,0.0,0.0,0.0,0.0,0.0,0.0,,,,,
49,0.0037003473795499168,2026-10-01T09:33:02.314320+00:00,3.613,4.466,0.0,0.0,1.1697777844051105e-06,31079.0,2.0,2.0,2.0,0.0,2.0,2.0,2.0,1.0,0.0,1.0,0.0,1.0,2.0,0.0,0.0,0.0,0.0,0.0,0.0,,,,,
50,0.0037758646730101193,2026-10-01T09:33:08.446346+00:00,3.613,4.466,0.0,0.0,9.893840362247809e-07,31887.0,2.0,2.0,2.0,0.0,2.0,2.0,2.0,0.0,0.0,0.0,0.0,1.0,2.0,0.0,0.0,0.0,0.0,0.0,0.0,,,,,
51,0.003851381966470322,2026-10-01T09:33:36.385609+00:00,3.612,4.551,0.0,0.0,8.225609429353187e-07,33687.0,11.0,11.0,11.0,0.0,11.0,11.0,11.0,0.0,0.0,0.0,0.0,1.0,11.0,0.0,0.0,0.0,0.0,0.0,0.0,,,,,
52,0.003926899259930524,2026-10-01T09:33:51.112253+00:00,3.612,4.551,0.0,24.008480072021484,6.698729810778065e-07,34779.0,2.0,2.0,2.0,0.0,2.0,2.0,2.0,0.5,0.5773502588272095,0.5,0.5773502588272095,0.0,2.0,0.0,0.0,0.0,0.0,0.0,0.0,,,,,
53,0.004002416553390726,2026-10-01T09:34:10.665839+00:00,3.612,4.551,0.0,0.0,5.318367983829393e-07,35706.0,4.75,4.0,7.0,0.0,4.75,4.0,7.0,0.0,0.0,0.0,0.0,1.0,4.75,0.0,0.0,0.0,0.0,0.0,0.0,,,,,
54,0.0040779338468509285,2026-10-01T09:34:14.046217+00:00,3.612,4.551,0.0,20.373157501220703,4.089194655986306e-07,36042.0,2.0,2.0,2.0,0.0,2.0,2.0,2.0,0.75,0.5,0.75,0.5,0.0,2.0,0.0,0.0,0.0,0.0,0.0,0.0,,,,,
55,0.0041534511403111315,2026-10-01T09:34:17.513611+00:00,3.612,4.551,0.0,0.0,3.015368960704584e-07,36534.0,2.0,2.0,2.0,0.0,2.0,2.0,2.0,1.0,0.0,1.0,0.0,1.0,2.0,0.0,0.0,0.0,0.0,0.0,0.0,,,,,
56,0.004228968433771334,2026-10-01T09:34:21.487192+00:00,3.612,4.551,0.0,0.0,2.1005243842255552e-07,36958.0,6.0,6.0,6.0,0.0,6.0,6.0,6.0,0.0,0.0,0.0,0.0,1.0,6.0,0.0,0.0,0.0,0.0,0.0,0.0,,,,,
57,0.004304485727231536,2026-10-01T09:34:38.442939+00:00,3.612,4.551,0.0,0.0,1.3477564710088097e-07,37846.0,2.0,2.0,2.0,0.0,2.0,2.0,2.0,1.0,0.0,1.0,0.0,1.0,2.0,0.0,0.0,0.0,0.0,0.0,0.0,,,,,
58,0.004380003020691739,2026-10-01T09:34:43.102162+00:00,3.612,4.551,0.0,0.0,7.59612349389599e-08,38333.0,3.75,2.0,9.0,0.0,3.75,2.0,9.0,0.0,0.0,0.0,0.0,1.0,3.75,0.0,0.0,0.0,0.0,0.0,0.0,,,,,
59,0.004455520314151941,2026-10-01T09:34:46.467209+00:00,3.612,4.551,0.0,0.0,3.3808211290284886e-08,38697.0,2.0,2.0,2.0,0.0,2.0,2.0,2.0,0.0,0.0,0.0,0.0,1.0,2.0,0.0,0.0,0.0,0.0,0.0,0.0,,,,,
60,0.004531037607612143,2026-10-01T09:35:07.934442+00:00,3.612,4.551,0.0,0.0,8.459208643659122e-09,39657.0,10.0,10.0,10.0,0.0,10.0,10.0,10.0,0.0,0.0,0.0,0.0,1.0,10.0,0.0,0.0,0.0,0.0,0.0,0.0,,,,,
60,0.004531037607612143,2026-10-01T09:35:08.734074+00:00,3.612,4.551,,,,,,,,,,,,,,,,,,,,,,,,497.4942,0.482,0.121,0.0,0.002272272855043411
