dataset,split,n_examples,n_columns,question_column,answer_column,options_column,id_column,missing_questions,missing_answers,duplicate_questions,notes
ReMedQA,medqa_mcq,1259,6,question,answer,options,id,0,0,0,"Baseline, unperturbed MCQ. options/answer are Python-repr strings -- use ast.literal_eval, NOT json.loads (json.loads silently misparses some numeric-looking answers)."
ReMedQA,medqa_open,1259,6,question,answer,options,id,0,0,0,Question text is REWORDED into an open-ended (non-MCQ) form and answer becomes free text instead of a letter. Changes task format away from MCQ -- NOT a meaning-preserving perturbation of the original question/answer format.
ReMedQA,medqa_incorrect,1259,6,question,answer,options,id,0,0,0,"Question and options text unchanged, but the task itself is inverted: the model must name the THREE incorrect options (answer is a list of 3 letters) instead of the one correct option. Task-altering, not meaning-preserving."
ReMedQA,medqa_roman_numeral,1259,6,question,answer,options,id,0,0,0,"Only the option labels change (A/B/C/D -> I/II/III/IV); question text, option text, and answer content are unchanged. Clean, meaning-preserving option-LABEL-format perturbation."
ReMedQA,medqa_none_of_the_provided,1259,6,question,answer,options,id,0,0,0,"The correct option's TEXT is overwritten with the generic string 'None of the provided options', and that option remains the labeled correct answer. The actual correct-answer content is removed from the choices entirely. Alters task semantics -- NOT meaning-preserving."
ReMedQA,medqa_fixed_pos,1259,6,question,answer,options,id,0,0,0,Option order/position is shuffled relative to mcq; the answer letter changes accordingly but option text and question are unchanged. Meaning-preserving option-ORDER-format perturbation.
ReMedQA,medqa_no_symbols,1259,6,question,answer,options,id,0,0,0,"Verified directly against mcq: question TEXT IS UNCHANGED (not reworded) and options are still shown, just without letter labels; only the expected answer format changes (full option text instead of a letter). This differs from a naive assumption that no_symbols rewords the question -- it does not; only 'open' does."
ReMedQA,medmcqa_mcq,1000,6,question,answer,options,id,0,0,4,"Baseline, unperturbed MCQ. options/answer are Python-repr strings -- use ast.literal_eval, NOT json.loads (json.loads silently misparses some numeric-looking answers)."
ReMedQA,medmcqa_open,1000,6,question,answer,options,id,0,0,6,Question text is REWORDED into an open-ended (non-MCQ) form and answer becomes free text instead of a letter. Changes task format away from MCQ -- NOT a meaning-preserving perturbation of the original question/answer format.
ReMedQA,medmcqa_incorrect,1000,6,question,answer,options,id,0,0,4,"Question and options text unchanged, but the task itself is inverted: the model must name the THREE incorrect options (answer is a list of 3 letters) instead of the one correct option. Task-altering, not meaning-preserving."
ReMedQA,medmcqa_roman_numeral,1000,6,question,answer,options,id,0,0,4,"Only the option labels change (A/B/C/D -> I/II/III/IV); question text, option text, and answer content are unchanged. Clean, meaning-preserving option-LABEL-format perturbation."
ReMedQA,medmcqa_none_of_the_provided,1000,6,question,answer,options,id,0,0,4,"The correct option's TEXT is overwritten with the generic string 'None of the provided options', and that option remains the labeled correct answer. The actual correct-answer content is removed from the choices entirely. Alters task semantics -- NOT meaning-preserving."
ReMedQA,medmcqa_fixed_pos,1000,6,question,answer,options,id,0,0,4,Option order/position is shuffled relative to mcq; the answer letter changes accordingly but option text and question are unchanged. Meaning-preserving option-ORDER-format perturbation.
ReMedQA,medmcqa_no_symbols,1000,6,question,answer,options,id,0,0,4,"Verified directly against mcq: question TEXT IS UNCHANGED (not reworded) and options are still shown, just without letter labels; only the expected answer format changes (full option text instead of a letter). This differs from a naive assumption that no_symbols rewords the question -- it does not; only 'open' does."
ReMedQA,mmlu_mcq,895,6,question,answer,options,id,0,0,136,"Baseline, unperturbed MCQ. options/answer are Python-repr strings -- use ast.literal_eval, NOT json.loads (json.loads silently misparses some numeric-looking answers)."
ReMedQA,mmlu_open,895,6,question,answer,options,id,0,0,114,Question text is REWORDED into an open-ended (non-MCQ) form and answer becomes free text instead of a letter. Changes task format away from MCQ -- NOT a meaning-preserving perturbation of the original question/answer format.
ReMedQA,mmlu_incorrect,895,6,question,answer,options,id,0,0,136,"Question and options text unchanged, but the task itself is inverted: the model must name the THREE incorrect options (answer is a list of 3 letters) instead of the one correct option. Task-altering, not meaning-preserving."
ReMedQA,mmlu_roman_numeral,895,6,question,answer,options,id,0,0,136,"Only the option labels change (A/B/C/D -> I/II/III/IV); question text, option text, and answer content are unchanged. Clean, meaning-preserving option-LABEL-format perturbation."
ReMedQA,mmlu_none_of_the_provided,895,6,question,answer,options,id,0,0,136,"The correct option's TEXT is overwritten with the generic string 'None of the provided options', and that option remains the labeled correct answer. The actual correct-answer content is removed from the choices entirely. Alters task semantics -- NOT meaning-preserving."
ReMedQA,mmlu_fixed_pos,895,6,question,answer,options,id,0,0,136,Option order/position is shuffled relative to mcq; the answer letter changes accordingly but option text and question are unchanged. Meaning-preserving option-ORDER-format perturbation.
ReMedQA,mmlu_no_symbols,895,6,question,answer,options,id,0,0,136,"Verified directly against mcq: question TEXT IS UNCHANGED (not reworded) and options are still shown, just without letter labels; only the expected answer format changes (full option text instead of a letter). This differs from a naive assumption that no_symbols rewords the question -- it does not; only 'open' does."
CareQA,test,5621,10,question,cop,op1;op2;op3;op4,unique_id,0,0,90,"No column literally named 'id'. `unique_id` is unique per row (5621/5621 unique) and used here as CareQA's id. `exam_id` is NOT unique (210 distinct values across 5621 rows). `cop` is a 1-indexed pointer into op1..op4 (verified: values in {1,2,3,4}). 90 rows fall into normalized-duplicate-question groups; manual review showed these are same phrasing / different exam content (different options+answer), NOT true duplicates -- do not naively collapse them."
MedQA,train,10178,6,question,answer_idx,options,NONE,0,0,4,"No id column at all; only positional/row index. Options stored as a fixed-key dict {A,B,C,D}. `answer` (free text) verified to equal options[answer_idx] on a 200-row sample; `answer_idx` used here as the canonical answer column. 0 cross-split (train/val/test) normalized-question duplicates found (verified below)."
MedQA,validation,1272,6,question,answer_idx,options,NONE,0,0,0,"No id column at all; only positional/row index. Options stored as a fixed-key dict {A,B,C,D}. `answer` (free text) verified to equal options[answer_idx] on a 200-row sample; `answer_idx` used here as the canonical answer column. 0 cross-split (train/val/test) normalized-question duplicates found (verified below)."
MedQA,test,1273,6,question,answer_idx,options,NONE,0,0,0,"No id column at all; only positional/row index. Options stored as a fixed-key dict {A,B,C,D}. `answer` (free text) verified to equal options[answer_idx] on a 200-row sample; `answer_idx` used here as the canonical answer column. 0 cross-split (train/val/test) normalized-question duplicates found (verified below)."
