condition,kind,label,count
roman_numeral,correctness_transition,W->W,2
roman_numeral,correctness_transition,C->C,2
roman_numeral,correctness_transition,W->C,1
roman_numeral,excluded_not_both_evaluable,excluded,0
none_of_the_provided,correctness_transition,W->W,3
none_of_the_provided,correctness_transition,C->W,2
none_of_the_provided,adaptation,failure_to_adapt_kept_same_distractor,3
none_of_the_provided,adaptation,failure_to_adapt_chose_distractor,2
none_of_the_provided,excluded_not_both_evaluable,excluded,0
fixed_pos,correctness_transition,W->W,3
fixed_pos,correctness_transition,C->C,2
fixed_pos,excluded_not_both_evaluable,excluded,0
incorrect,correctness_transition,W->W,3
incorrect,correctness_transition,C->C,2
incorrect,adaptation,failure_to_adapt_included_gold,2
incorrect,adaptation,successful_adaptation,2
incorrect,adaptation,failure_to_adapt_wrong_set_size,1
incorrect,excluded_not_both_evaluable,excluded,0
open,excluded_not_both_evaluable,excluded,5
no_symbols,correctness_transition,W->W,3
no_symbols,correctness_transition,C->C,2
no_symbols,excluded_not_both_evaluable,excluded,0
