step,epoch,timestamp,vram_allocated_gb,vram_peak_gb,loss,grad_norm,learning_rate,num_tokens,completions/mean_length,completions/min_length,completions/max_length,completions/clipped_ratio,completions/mean_terminated_length,completions/min_terminated_length,completions/max_terminated_length,rewards/reward_correct_func/mean,rewards/reward_correct_func/std,rewards/reward_symbolic_lambda_1.0/mean,rewards/reward_symbolic_lambda_1.0/std,reward,reward_std,frac_reward_zero_std,completion_length,kl,clip_ratio/low_mean,clip_ratio/low_min,clip_ratio/high_mean,clip_ratio/high_max,clip_ratio/region_mean,train_runtime,train_samples_per_second,train_steps_per_second,total_flos,train_loss
1,7.551729346020239e-05,2026-10-01T09:36:09.638385+00:00,3.613,4.063,0.0,10.610559463500977,0.0,404.0,2.0,2.0,2.0,0.0,2.0,2.0,2.0,0.75,0.5,0.8125,0.375,1.5625,0.875,0.0,2.0,0.0,0.0,0.0,0.0,0.0,0.0,,,,,
2,0.00015103458692040478,2026-10-01T09:36:14.385427+00:00,3.613,4.184,0.0,0.0,1.6666666666666667e-06,1036.0,12.0,12.0,12.0,0.0,12.0,12.0,12.0,0.0,0.0,0.0,0.0,0.0,0.0,1.0,12.0,0.0,0.0,0.0,0.0,0.0,0.0,,,,,
3,0.00022655188038060717,2026-10-01T09:36:16.991435+00:00,3.613,4.184,0.0,0.0,3.3333333333333333e-06,1448.0,2.0,2.0,2.0,0.0,2.0,2.0,2.0,0.0,0.0,0.5,0.0,0.5,0.0,1.0,2.0,0.0,0.0,0.0,0.0,0.0,0.0,,,,,
4,0.00030206917384080956,2026-10-01T09:36:20.164575+00:00,3.613,4.184,0.0,0.0,5e-06,1844.0,3.0,3.0,3.0,0.0,3.0,3.0,3.0,0.0,0.0,0.0,0.0,0.0,0.0,1.0,3.0,0.0,0.0,0.0,0.0,0.0,0.0,,,,,
5,0.0003775864673010119,2026-10-01T09:36:24.111150+00:00,3.613,4.184,0.0,0.0,6.666666666666667e-06,2182.0,7.5,6.0,9.0,0.0,7.5,6.0,9.0,0.0,0.0,0.0,0.0,0.0,0.0,1.0,7.5,0.0,0.0,0.0,0.0,0.0,0.0,,,,,
6,0.00045310376076121433,2026-10-01T09:36:26.759186+00:00,3.613,4.196,0.0,0.0,8.333333333333334e-06,2814.0,2.0,2.0,2.0,0.0,2.0,2.0,2.0,1.0,0.0,1.0,0.0,2.0,0.0,1.0,2.0,0.0,0.0,0.0,0.0,0.0,0.0,,,,,
7,0.0005286210542214167,2026-10-01T09:36:47.076646+00:00,3.613,4.303,0.0,0.0,1e-05,3930.0,51.0,12.0,64.0,0.5,38.0,12.0,64.0,0.0,0.0,0.0,0.0,0.0,0.0,1.0,51.0,0.0,0.0,0.0,0.0,0.0,0.0,,,,,
8,0.0006041383476816191,2026-10-01T09:36:49.753056+00:00,3.613,4.303,0.0,0.0,9.991540791356342e-06,4334.0,2.0,2.0,2.0,0.0,2.0,2.0,2.0,1.0,0.0,1.0,0.0,2.0,0.0,1.0,2.0,0.0,0.0,0.0,0.0,0.0,0.0,,,,,
9,0.0006796556411418215,2026-10-01T09:36:52.262811+00:00,3.613,4.303,0.0,0.0,9.966191788709716e-06,4706.0,2.0,2.0,2.0,0.0,2.0,2.0,2.0,0.0,0.0,0.0,0.0,0.0,0.0,1.0,2.0,0.0,0.0,0.0,0.0,0.0,0.0,,,,,
10,0.0007551729346020238,2026-10-01T09:37:01.850340+00:00,3.613,4.361,0.0,0.0,9.924038765061042e-06,5858.0,2.0,2.0,2.0,0.0,2.0,2.0,2.0,1.0,0.0,1.0,0.0,2.0,0.0,1.0,2.0,0.0,0.0,0.0,0.0,0.0,0.0,,,,,
11,0.0008306902280622263,2026-10-01T09:37:04.598851+00:00,3.613,4.361,0.0,0.0,9.86522435289912e-06,6218.0,2.0,2.0,2.0,0.0,2.0,2.0,2.0,0.0,0.0,0.5,0.0,0.5,0.0,1.0,2.0,0.0,0.0,0.0,0.0,0.0,0.0,,,,,
12,0.0009062075215224287,2026-10-01T09:37:08.516877+00:00,3.613,4.361,0.0,0.0,9.789947561577445e-06,6770.0,6.0,6.0,6.0,0.0,6.0,6.0,6.0,0.0,0.0,0.0,0.0,0.0,0.0,1.0,6.0,0.0,0.0,0.0,0.0,0.0,0.0,,,,,
13,0.000981724814982631,2026-10-01T09:37:24.712763+00:00,3.613,4.361,0.0,0.0,9.698463103929542e-06,7734.0,2.0,2.0,2.0,0.0,2.0,2.0,2.0,0.0,0.0,0.0,0.0,0.0,0.0,1.0,2.0,0.0,0.0,0.0,0.0,0.0,0.0,,,,,
14,0.0010572421084428334,2026-10-01T09:37:27.917372+00:00,3.613,4.361,0.0,0.0,9.591080534401371e-06,8342.0,2.0,2.0,2.0,0.0,2.0,2.0,2.0,0.0,0.0,0.25,0.0,0.25,0.0,1.0,2.0,0.0,0.0,0.0,0.0,0.0,0.0,,,,,
15,0.0011327594019030357,2026-10-01T09:37:43.832260+00:00,3.613,4.361,0.0,0.0,9.468163201617063e-06,9234.0,6.0,6.0,6.0,0.0,6.0,6.0,6.0,0.0,0.0,0.0,0.0,0.0,0.0,1.0,6.0,0.0,0.0,0.0,0.0,0.0,0.0,,,,,
16,0.0012082766953632382,2026-10-01T09:37:48.904252+00:00,3.613,4.361,0.0,0.0,9.330127018922195e-06,9902.0,2.0,2.0,2.0,0.0,2.0,2.0,2.0,1.0,0.0,1.0,0.0,2.0,0.0,1.0,2.0,0.0,0.0,0.0,0.0,0.0,0.0,,,,,
17,0.0012837939888234405,2026-10-01T09:37:52.846968+00:00,3.613,4.361,0.2885,12.287635803222656,9.177439057064684e-06,10258.0,3.0,2.0,5.0,0.0,3.0,2.0,5.0,0.0,0.0,0.125,0.14433756470680237,0.125,0.14433756470680237,0.0,3.0,0.0,0.0,0.0,0.0,0.0,0.0,,,,,
18,0.001359311282283643,2026-10-01T09:37:55.536603+00:00,3.613,4.361,0.0,0.0,9.01061596377522e-06,10730.0,2.0,2.0,2.0,0.0,2.0,2.0,2.0,1.0,0.0,1.0,0.0,2.0,0.0,1.0,2.0,0.0,0.0,0.0,0.0,0.0,0.0,,,,,
19,0.0014348285757438454,2026-10-01T09:38:06.165320+00:00,3.613,4.365,0.0,0.0,8.83022221559489e-06,11902.0,2.0,2.0,2.0,0.0,2.0,2.0,2.0,1.0,0.0,1.0,0.0,2.0,0.0,1.0,2.0,0.0,0.0,0.0,0.0,0.0,0.0,,,,,
20,0.0015103458692040477,2026-10-01T09:38:22.739313+00:00,3.613,4.365,0.0,0.0,8.636868207865244e-06,12838.0,2.0,2.0,2.0,0.0,2.0,2.0,2.0,0.0,0.0,0.25,0.0,0.25,0.0,1.0,2.0,0.0,0.0,0.0,0.0,0.0,0.0,,,,,
21,0.0015858631626642502,2026-10-01T09:38:41.248864+00:00,3.613,4.365,0.0,0.0,8.43120818934367e-06,13935.0,15.25,15.0,16.0,0.0,15.25,15.0,16.0,0.0,0.0,0.0,0.0,0.0,0.0,1.0,15.25,0.0,0.0,0.0,0.0,0.0,0.0,,,,,
22,0.0016613804561244525,2026-10-01T09:38:44.055120+00:00,3.613,4.365,0.0,0.0,8.213938048432697e-06,14319.0,2.0,2.0,2.0,0.0,2.0,2.0,2.0,1.0,0.0,1.0,0.0,2.0,0.0,1.0,2.0,0.0,0.0,0.0,0.0,0.0,0.0,,,,,
23,0.0017368977495846548,2026-10-01T09:39:10.321136+00:00,3.613,4.466,0.0,0.0,7.985792958513932e-06,15823.0,4.0,4.0,4.0,0.0,4.0,4.0,4.0,0.0,0.0,0.0,0.0,0.0,0.0,1.0,4.0,0.0,0.0,0.0,0.0,0.0,0.0,,,,,
24,0.0018124150430448573,2026-10-01T09:39:13.699436+00:00,3.613,4.466,0.0,0.0,7.747544890354031e-06,16455.0,2.0,2.0,2.0,0.0,2.0,2.0,2.0,0.0,0.0,0.0,0.0,0.0,0.0,1.0,2.0,0.0,0.0,0.0,0.0,0.0,0.0,,,,,
25,0.0018879323365050596,2026-10-01T09:39:16.736422+00:00,3.613,4.466,0.0,0.0,7.500000000000001e-06,16863.0,6.0,6.0,6.0,0.0,6.0,6.0,6.0,0.0,0.0,0.0,0.0,0.0,0.0,1.0,6.0,0.0,0.0,0.0,0.0,0.0,0.0,,,,,
26,0.001963449629965262,2026-10-01T09:39:19.546912+00:00,3.613,4.466,0.0,0.0,7.243995901002312e-06,17259.0,2.0,2.0,2.0,0.0,2.0,2.0,2.0,0.0,0.0,0.25,0.0,0.25,0.0,1.0,2.0,0.0,0.0,0.0,0.0,0.0,0.0,,,,,
27,0.0020389669234254643,2026-10-01T09:39:33.767417+00:00,3.613,4.466,0.0,0.0,6.980398830195785e-06,18451.0,7.0,7.0,7.0,0.0,7.0,7.0,7.0,0.0,0.0,0.0,0.0,0.0,0.0,1.0,7.0,0.0,0.0,0.0,0.0,0.0,0.0,,,,,
28,0.002114484216885667,2026-10-01T09:39:36.513097+00:00,3.613,4.466,0.0,0.0,6.710100716628345e-06,18883.0,2.0,2.0,2.0,0.0,2.0,2.0,2.0,0.0,0.0,0.0,0.0,0.0,0.0,1.0,2.0,0.0,0.0,0.0,0.0,0.0,0.0,,,,,
29,0.0021900015103458693,2026-10-01T09:39:52.704156+00:00,3.613,4.466,0.0,0.0,6.434016163555452e-06,19807.0,2.0,2.0,2.0,0.0,2.0,2.0,2.0,1.0,0.0,1.0,0.0,2.0,0.0,1.0,2.0,0.0,0.0,0.0,0.0,0.0,0.0,,,,,
30,0.0022655188038060714,2026-10-01T09:39:58.837622+00:00,3.613,4.466,0.0,0.0,6.153079353712201e-06,20571.0,2.0,2.0,2.0,0.0,2.0,2.0,2.0,1.0,0.0,1.0,0.0,2.0,0.0,1.0,2.0,0.0,0.0,0.0,0.0,0.0,0.0,,,,,
31,0.002341036097266274,2026-10-01T09:40:01.547116+00:00,3.613,4.466,0.0,0.0,5.8682408883346535e-06,20931.0,2.0,2.0,2.0,0.0,2.0,2.0,2.0,1.0,0.0,1.0,0.0,2.0,0.0,1.0,2.0,0.0,0.0,0.0,0.0,0.0,0.0,,,,,
32,0.0024165533907264765,2026-10-01T09:40:07.212747+00:00,3.613,4.466,0.0,0.0,5.5804645706261515e-06,21587.0,2.0,2.0,2.0,0.0,2.0,2.0,2.0,0.0,0.0,0.5,0.0,0.5,0.0,1.0,2.0,0.0,0.0,0.0,0.0,0.0,0.0,,,,,
33,0.0024920706841866785,2026-10-01T09:40:10.017639+00:00,3.613,4.466,0.0,0.0,5.290724144552379e-06,22043.0,2.0,2.0,2.0,0.0,2.0,2.0,2.0,1.0,0.0,1.0,0.0,2.0,0.0,1.0,2.0,0.0,0.0,0.0,0.0,0.0,0.0,,,,,
34,0.002567587977646881,2026-10-01T09:40:12.992510+00:00,3.613,4.466,0.0,0.0,5e-06,22543.0,2.0,2.0,2.0,0.0,2.0,2.0,2.0,0.0,0.0,0.0,0.0,0.0,0.0,1.0,2.0,0.0,0.0,0.0,0.0,0.0,0.0,,,,,
35,0.0026431052711070836,2026-10-01T09:40:15.792547+00:00,3.613,4.466,0.0,0.0,4.7092758554476215e-06,22951.0,2.0,2.0,2.0,0.0,2.0,2.0,2.0,0.0,0.0,0.5,0.0,0.5,0.0,1.0,2.0,0.0,0.0,0.0,0.0,0.0,0.0,,,,,
36,0.002718622564567286,2026-10-01T09:40:18.529519+00:00,3.613,4.466,0.0,0.0,4.4195354293738484e-06,23307.0,2.0,2.0,2.0,0.0,2.0,2.0,2.0,1.0,0.0,1.0,0.0,2.0,0.0,1.0,2.0,0.0,0.0,0.0,0.0,0.0,0.0,,,,,
37,0.002794139858027488,2026-10-01T09:40:21.310805+00:00,3.613,4.466,0.0,0.0,4.131759111665349e-06,23655.0,2.0,2.0,2.0,0.0,2.0,2.0,2.0,1.0,0.0,1.0,0.0,2.0,0.0,1.0,2.0,0.0,0.0,0.0,0.0,0.0,0.0,,,,,
38,0.0028696571514876907,2026-10-01T09:40:36.992170+00:00,3.613,4.466,0.0,0.0,3.8469206462878e-06,24571.0,7.0,7.0,7.0,0.0,7.0,7.0,7.0,0.0,0.0,0.0,0.0,0.0,0.0,1.0,7.0,0.0,0.0,0.0,0.0,0.0,0.0,,,,,
39,0.0029451744449478933,2026-10-01T09:40:39.656922+00:00,3.613,4.466,0.0,0.0,3.5659838364445505e-06,25087.0,2.0,2.0,2.0,0.0,2.0,2.0,2.0,1.0,0.0,1.0,0.0,2.0,0.0,1.0,2.0,0.0,0.0,0.0,0.0,0.0,0.0,,,,,
40,0.0030206917384080953,2026-10-01T09:40:42.174870+00:00,3.613,4.466,0.0,0.0,3.289899283371657e-06,25427.0,2.0,2.0,2.0,0.0,2.0,2.0,2.0,0.0,0.0,0.5,0.0,0.5,0.0,1.0,2.0,0.0,0.0,0.0,0.0,0.0,0.0,,,,,
41,0.003096209031868298,2026-10-01T09:40:45.561800+00:00,3.613,4.466,0.0,0.0,3.019601169804216e-06,25767.0,2.0,2.0,2.0,0.0,2.0,2.0,2.0,1.0,0.0,1.0,0.0,2.0,0.0,1.0,2.0,0.0,0.0,0.0,0.0,0.0,0.0,,,,,
42,0.0031717263253285004,2026-10-01T09:40:48.746273+00:00,3.613,4.466,0.0,0.0,2.7560040989976894e-06,26347.0,2.0,2.0,2.0,0.0,2.0,2.0,2.0,1.0,0.0,1.0,0.0,2.0,0.0,1.0,2.0,0.0,0.0,0.0,0.0,0.0,0.0,,,,,
43,0.0032472436187887025,2026-10-01T09:41:12.243467+00:00,3.613,4.466,0.0,0.0,2.5000000000000015e-06,27639.0,2.0,2.0,2.0,0.0,2.0,2.0,2.0,1.0,0.0,1.0,0.0,2.0,0.0,1.0,2.0,0.0,0.0,0.0,0.0,0.0,0.0,,,,,
44,0.003322760912248905,2026-10-01T09:41:29.609162+00:00,3.613,4.466,0.0,0.0,2.2524551096459703e-06,29087.0,2.0,2.0,2.0,0.0,2.0,2.0,2.0,1.0,0.0,1.0,0.0,2.0,0.0,1.0,2.0,0.0,0.0,0.0,0.0,0.0,0.0,,,,,
45,0.0033982782057091075,2026-10-01T09:41:32.348360+00:00,3.613,4.466,0.0,0.0,2.0142070414860704e-06,29531.0,2.0,2.0,2.0,0.0,2.0,2.0,2.0,1.0,0.0,1.0,0.0,2.0,0.0,1.0,2.0,0.0,0.0,0.0,0.0,0.0,0.0,,,,,
46,0.0034737954991693096,2026-10-01T09:41:34.941646+00:00,3.613,4.466,0.0,0.0,1.7860619515673034e-06,29911.0,2.0,2.0,2.0,0.0,2.0,2.0,2.0,1.0,0.0,1.0,0.0,2.0,0.0,1.0,2.0,0.0,0.0,0.0,0.0,0.0,0.0,,,,,
47,0.003549312792629512,2026-10-01T09:41:37.738598+00:00,3.613,4.466,0.0,0.0,1.5687918106563326e-06,30315.0,3.0,3.0,3.0,0.0,3.0,3.0,3.0,0.0,0.0,0.0,0.0,0.0,0.0,1.0,3.0,0.0,0.0,0.0,0.0,0.0,0.0,,,,,
48,0.0036248300860897147,2026-10-01T09:41:40.399439+00:00,3.613,4.466,0.0,0.0,1.3631317921347564e-06,30707.0,2.0,2.0,2.0,0.0,2.0,2.0,2.0,1.0,0.0,1.0,0.0,2.0,0.0,1.0,2.0,0.0,0.0,0.0,0.0,0.0,0.0,,,,,
49,0.0037003473795499168,2026-10-01T09:41:43.067689+00:00,3.613,4.466,0.0,0.0,1.1697777844051105e-06,31067.0,2.0,2.0,2.0,0.0,2.0,2.0,2.0,1.0,0.0,1.0,0.0,2.0,0.0,1.0,2.0,0.0,0.0,0.0,0.0,0.0,0.0,,,,,
50,0.0037758646730101193,2026-10-01T09:41:49.941604+00:00,3.613,4.466,0.0,0.0,9.893840362247809e-07,31875.0,2.0,2.0,2.0,0.0,2.0,2.0,2.0,0.0,0.0,0.25,0.0,0.25,0.0,1.0,2.0,0.0,0.0,0.0,0.0,0.0,0.0,,,,,
51,0.003851381966470322,2026-10-01T09:42:19.659442+00:00,3.612,4.551,0.0,0.0,8.225609429353187e-07,33675.0,11.0,11.0,11.0,0.0,11.0,11.0,11.0,0.0,0.0,0.0,0.0,0.0,0.0,1.0,11.0,0.0,0.0,0.0,0.0,0.0,0.0,,,,,
52,0.003926899259930524,2026-10-01T09:42:32.594289+00:00,3.612,4.551,0.0,23.96214485168457,6.698729810778065e-07,34767.0,2.0,2.0,2.0,0.0,2.0,2.0,2.0,0.5,0.5773502588272095,0.5,0.5773502588272095,1.0,1.154700517654419,0.0,2.0,0.0,0.0,0.0,0.0,0.0,0.0,,,,,
53,0.004002416553390726,2026-10-01T09:42:51.584388+00:00,3.612,4.551,0.0,0.0,5.318367983829393e-07,35694.0,4.75,4.0,7.0,0.0,4.75,4.0,7.0,0.0,0.0,0.0,0.0,0.0,0.0,1.0,4.75,0.0,0.0,0.0,0.0,0.0,0.0,,,,,
54,0.0040779338468509285,2026-10-01T09:42:54.479466+00:00,3.612,4.551,0.0,22.43490219116211,4.089194655986306e-07,36030.0,2.0,2.0,2.0,0.0,2.0,2.0,2.0,0.5,0.5773502588272095,0.625,0.4330126941204071,1.125,1.010362982749939,0.0,2.0,0.0,0.0,0.0,0.0,0.0,0.0,,,,,
55,0.0041534511403111315,2026-10-01T09:42:57.590473+00:00,3.612,4.551,0.0,0.0,3.015368960704584e-07,36522.0,2.0,2.0,2.0,0.0,2.0,2.0,2.0,1.0,0.0,1.0,0.0,2.0,0.0,1.0,2.0,0.0,0.0,0.0,0.0,0.0,0.0,,,,,
56,0.004228968433771334,2026-10-01T09:43:00.943790+00:00,3.612,4.551,0.0,0.0,2.1005243842255552e-07,36946.0,6.0,6.0,6.0,0.0,6.0,6.0,6.0,0.0,0.0,0.0,0.0,0.0,0.0,1.0,6.0,0.0,0.0,0.0,0.0,0.0,0.0,,,,,
57,0.004304485727231536,2026-10-01T09:43:16.938858+00:00,3.612,4.551,0.0,0.0,1.3477564710088097e-07,37834.0,2.0,2.0,2.0,0.0,2.0,2.0,2.0,1.0,0.0,1.0,0.0,2.0,0.0,1.0,2.0,0.0,0.0,0.0,0.0,0.0,0.0,,,,,
58,0.004380003020691739,2026-10-01T09:43:21.134100+00:00,3.612,4.551,0.0,0.0,7.59612349389599e-08,38325.0,4.75,2.0,9.0,0.0,4.75,2.0,9.0,0.0,0.0,0.0,0.0,0.0,0.0,1.0,4.75,0.0,0.0,0.0,0.0,0.0,0.0,,,,,
59,0.004455520314151941,2026-10-01T09:43:23.909554+00:00,3.612,4.551,0.0,0.0,3.3808211290284886e-08,38689.0,2.0,2.0,2.0,0.0,2.0,2.0,2.0,0.0,0.0,0.0,0.0,0.0,0.0,1.0,2.0,0.0,0.0,0.0,0.0,0.0,0.0,,,,,
60,0.004531037607612143,2026-10-01T09:43:44.264532+00:00,3.612,4.551,0.0,0.0,8.459208643659122e-09,39649.0,10.0,10.0,10.0,0.0,10.0,10.0,10.0,0.0,0.0,0.0,0.0,0.0,0.0,1.0,10.0,0.0,0.0,0.0,0.0,0.0,0.0,,,,,
60,0.004531037607612143,2026-10-01T09:43:45.052839+00:00,3.612,4.551,,,,,,,,,,,,,,,,,,,,,,,,,,461.7678,0.52,0.13,0.0,0.004807921747366588
